,県名,料理名,説明
0,北海道,豚丼,明治時代末ごろから十勝地方では養豚業がはじまり、豚肉が食べ親しまれてきた。養豚...
1,北海道,鮭のチャンチャン焼き,「鮭のチャンチャン焼き」は、秋から冬にかけてとれるサケと旬の野菜を蒸し焼きにし...
2,北海道,いももち／いもだんご,「いももち」は、北海道を代表する農産物のじゃがいもを使い、家庭で手軽につくれる...
3,北海道,ニシン漬け,「ニシン漬け」は、北海道のニシン産業の歴史を伝える郷土料理である。江戸時代後期...
4,北海道,石狩鍋,「石狩鍋」は、北海道を代表する郷土料理である。その名の通り、サケで有名な石狩川...
5,北海道,いかめし,函館地方や渡島（おしま）地方の有名な郷土料理。「いかめし」は、第二次世界大戦中...
6,北海道,ラーメン,明治17年（1884年）、函館市で店を構える洋食店で提供された「南京そば」とい...
7,北海道,赤飯,全国でもハレの日によく食べられる「赤飯」。北海道では甘納豆を入れて「赤飯」を炊...
8,北海道,昆布巻き,全国トップクラスの昆布の生産量を誇る北海道では、サケやニシンなどの魚を昆布で巻...
9,北海道,美唄のとりめし,美唄市の郷土料理としていまも家庭で親しまれている「美唄のとりめし」。その発祥は...
10,北海道,美唄やきとり,札幌市と旭川市の中間に位置する美唄市。西部地域は石狩平野に属する低地帯であり、...
11,北海道,室蘭やきとり,「室蘭やきとり」は、その名の通り、北海道室蘭市で考案された「やきとり」である。...
12,北海道,鯨汁,「鯨汁」は道南地域の正月料理で欠かせない料理。正月が近づくと、大鍋に塩くじらと...
13,北海道,ルイベ,「ルイベ」はサケやマスなどの魚を冷凍させてから、解凍させないまま刺身にして食べ...
14,北海道,ニシン蕎麦,「ニシン蕎麦」は、ニシンの干物「身欠きニシン」を甘露煮にし、そばにのせた北海道...
15,北海道,ザンギ,北海道では鶏の唐揚げのことを「ザンギ」と呼ぶ。「ザンギ」は一般的な鶏の唐揚と比...
16,北海道,ししゃもの甘露煮,「ししゃもの甘露煮」は、北海道を代表する魚の一つシシャモを使った郷土料理。シシ...
17,北海道,カスベの煮付け,「カスベの煮付け」は、家庭で頻繁につくられている冬の郷土料理。「カスベ」は、北...
18,北海道,トキシラズ／トキ鮭の焼漬け,秋から初冬ごろにかけて、産卵のために北海道沿岸に遡上してくるサケを「秋サケ」と...
19,北海道,いくらの醤油漬け,北海道を代表する海産物のいくらは、全国でも広く知られ、子どもから大人まで幅広い...
20,北海道,たちの味噌汁／スケソウダラの白子の味噌汁,北海道では、タラの白子のことを「たち」と呼び、マダラの白子を「真だち」、スケソ...
21,北海道,べこ餅,北海道民に昔から親しまれてきた「べこ餅」は、主に白と黒の2色が配された木の葉形...
22,北海道,飯寿司,「飯寿司」は、魚と野菜を米麹に漬けて、乳酸発酵させたすし。低温発酵によってつく...
23,北海道,松前漬,「松前漬」は、乾燥させたスルメイカと昆布を細切りにし、醤油、酒、みりん、砂糖な...
24,北海道,てっぽう汁,北海道の特に道東地域では、カニを入れた味噌汁のことを「てっぽう汁」と呼ぶ。「て...
25,北海道,三平汁,「三平汁」は、塩漬けにしたサケやニシンなどの魚と人参や大根などの野菜を一緒に煮...
26,北海道,ジンギスカン／成吉思汗,大正時代、第一次世界大戦の勃発により、羊毛の輸入が困難になると、国策として、綿...
27,青森県,けいらん,秋が深まり稲刈りが終わり、農作業が一段落する11月には「秋仕舞い」の風習がある...
28,青森県,けの汁,津軽地方の代表的な郷土料理。由来については津軽の方言で「粥（かゆ）」を「け」...
29,青森県,せんべい汁,南部せんべいは旧南部藩の領地だった青森県南東部から岩手県北部にかけての伝統食...
30,青森県,貝焼き味噌,古くからホタテ産地として知られた津軽湾周辺では、江戸時代からすでに「貝焼き味...
31,青森県,鱈のじゃっぱ汁,「じゃっぱ」は津軽の方言で雑把（ざっぱ）、つまり「捨てるもの」という意味。普...
32,青森県,べこもち,端午の節句のハレ食として受け継がれ、現在はおやつとしても食べられている。べこ...
33,青森県,豆しとぎ,煮て潰した青大豆に米粉と砂糖を入れて練った生菓子。「しとぎ」は米をつぶして粉...
34,青森県,いちご煮,八戸市や階上町などの太平洋沿岸に伝わる郷土料理で、ウニとアワビの吸い物という...
35,青森県,きんかもち,古来やませによる稲作の冷害に悩まされた南部地方では、小麦、あわ、ひえ、蕎麦な...
36,青森県,たらの子和え,昔から青森県の正月にタラは欠かせない。昭和20年頃までは、年の瀬に大きなタラの...
37,青森県,なすの赤しそ巻き,津軽地方の夏の日常食。夏場に大量に採れるなすとしその葉を組み合わせ、昔から家...
38,青森県,煮あえっこ,「煮あえっこ」は下北地方の郷土料理。やませの影響で冷害被害が多く稲作が難しか...
39,青森県,ねりこみ,その昔、弘前禅林三十三カ寺の和尚が托鉢（たくはつ）をして集めた野菜を「くず寄...
40,青森県,ひっつみ,旧南部藩の領地だった青森県南東部から岩手県北中部にかけて伝わる郷土料理。寒冷...
41,青森県,干し餅,昔から寒くて湿気の少ない気候を生かして極寒期につくられる保存食で、「凍り餅」...
42,青森県,ミズとホヤの水物,津軽地方の短い夏に、貴重な旬を味わう郷土料理で「ホヤミズ」ともよばれる。地元...
43,青森県,鮭の飯ずし,冬の間雪に閉ざされる津軽地方は、作物や魚介をとれる時期にできるだけとって、干...
44,青森県,イカメンチ,津軽地方に伝わる家庭料理で、イカを刺身にしたときに残る「ゲソ」を叩いてミンチ...
45,青森県,いなりずし,津軽平野は、雪国の中では比較的気候が温和で、縄文晩期から稲作がおこなわれてい...
46,青森県,かっけ,寒冷で、江戸時代には数年間に及ぶ大飢饉にたびたび見舞われた南部地方で、人々は...
47,青森県,がっぱらもち,昔、家庭でアイロンがけをする際、パリッとさせるために布に塗ったのが「米糊」で...
48,青森県,ごまご飯,江戸時代のはじめから大規模に新田開発がなされ、多彩な米料理が発達した津軽地方...
49,青森県,じゅね餅,古来、冷害や飢饉に見舞われることの多かった南部地方では、米以外の雑穀で食文化...
50,青森県,しょうが味噌おでん,青森市周辺では、おでんをすりおろしたしょうが入りの味噌だれで食べるのが普通で...
51,青森県,すしこ,津軽地方の中でも主に日本海側の西北地域で特にに食べられてきた郷土料理。もち米...
52,青森県,赤かぶの千枚漬け,津軽地方の伝統的な漬物。雪が降る直前に収穫された赤かぶを、出汁昆布、酢、ザラ...
53,青森県,キャベツとマスの漬物,津軽地方の中でも内陸部の中南津軽は、昔は新鮮な海産物が入手しにくく特に魚類は...
54,青森県,鮫のすくめ,「すくめ」の語源は「酢で包む」。津軽地方で「すぐめ」と発音する。津軽地方では...
55,青森県,くじら汁,かつて八戸市に捕鯨基地があったことから、近隣ではクジラの食文化が発達した。「...
56,岩手県,ひっつみ／ひっつみ汁,県央地域は北上川流域で平坦な土地が多く、古くから水田地帯がひらけており米の生産...
57,岩手県,きりせんしょ,「きりせんしょ」の名前の由来は、昔は山椒を刻んで浸した汁で粉を練ったことから...
58,岩手県,まめぶ汁,「まめぶ汁」とは煮干しや昆布だしが利いた醤油系の汁に、身近な野菜や焼き豆腐など...
59,岩手県,がんづき,「がんづき」は県南地域を中心に県全域で食べられているお菓子。名前の由来は、丸い形...
60,岩手県,すき昆布の煮物,「すき昆布」とは、三陸沿岸でとれた若い昆布をボイルして細くカットし、板状にして...
61,岩手県,伝統餅料理,県南地域は比較的温暖な気候で古くから米の生産が中心であり、米が安定して栽培され...
62,岩手県,柳ばっと,岩手県北部は冷涼な気候で米が育ちにくいため、厳しい環境でも育つヒエやアワ、そば...
63,岩手県,豆しとぎ,「豆しとぎ」は煮てつぶした青大豆に米粉と砂糖を入れて練った生菓子で、「しとぎ」...
64,岩手県,果報だんご,弘法大師の誕生日である12月24日 (旧暦11月24日)の「大師講」という民間行事の日に...
65,岩手県,煮しめ,煮しめは県内全域において、冠婚葬祭、正月、盆など人が集まる際に作る習わしがある...
66,岩手県,お茶もち,県央地域は北上川流域で平坦な土地が多く、古くから水田地帯がひらけており、米の生...
67,岩手県,氷頭なます,岩手県は、秋鮭の水揚げが本州トップクラス。特に津軽石川は宮古湾最奥部に注ぐ清流...
68,岩手県,いもの子汁,北上川流域はさといもの生産に向いた土壌で、昔からさといもが多く作られている。さ...
69,岩手県,へっちょこだんご／うきうきだんご,岩手県北部は冷涼な気候で米が育ちにくいため、厳しい環境でも育つヒエやアワ、そば...
70,岩手県,かまもち,岩手県は寒冷な気候であり、ときには冷害で米だけでは食生活が安定しないこともあっ...
71,岩手県,そばかっけ,岩手県北部は東からの冷風である「やませ」の影響もあり寒さが厳しく、かつては水田...
72,岩手県,ひなまんじゅう,県央地域は北上川流域で平坦な土地が多く、米、小麦、大麦、そばなどの栽培が盛んで...
73,岩手県,さんまのすり身汁,岩手県は、さんまの海面漁業の漁獲量が本州1位だ（農林水産省「令和2年漁業・養殖業...
74,岩手県,うこぎのほろほろ,「うこぎ」はたらの芽、うどと同じウコギ科の落葉低木で、樹高は2～7m。短枝が多く...
75,岩手県,小豆ばっとう,「小豆ばっとう」は、甘みをつけた小豆汁に幅広で短めのうどんを入れて煮込んだ料理...
76,岩手県,豆腐田楽,県北地域は冷涼な気候で米が育ちにくいため、厳しい気候でもよく育つ大豆を生産して...
77,岩手県,うす焼き,小麦粉を水で溶いたものを薄くのばし、ねぎ、紅しょうが、桜えび、天かす、海苔などを...
78,岩手県,どんこ汁,「どんこ」とは三陸沿岸でよく獲れるエゾイソアイナメ、チゴダラのこと。どんこは冬...
79,岩手県,けんちん汁,「けんちん汁」は、小さく切ったにんじん、大根、ごぼうなどの野菜と豆腐を油で炒め...
80,岩手県,みずたたき（とろろ）,秋田県との境にある奥羽山系は寒さが厳しく雪が多い地域であるが、豊かな山の幸にめ...
81,岩手県,天然ほやの酢の物,ほやは、「海のパイナップル」と呼ばれ、甘味、酸味、塩味、うま味、苦味の五味すべて...
82,岩手県,くるみ豆腐,「くるみ豆腐」は、すったくるみをこしたものに、水、砂糖を入れてくず粉で固めたも...
83,岩手県,しだみだんご,「しだみ」とはどんぐりのことで、「しだみだんご」は「しだみ」に砂糖を加えてだん...
84,岩手県,くるみ雑煮,「くるみ雑煮」は「くるみ餅」とも言われ、三陸沿岸の宮古地方で元日の朝に食べられ...
85,岩手県,ぬっぺい汁／八杯汁,「八杯汁」は、豆腐、干ししいたけ、ねぎを醤油味の汁に入れ、片栗粉でとろみをつけ...
86,宮城県,おくずかけ,県南地域を中心に、春と秋の彼岸やお盆の時期に食べる精進料理。法事で集まった人...
87,宮城県,仙台雑煮,江戸時代末期から食されている仙台雑煮。椀からはみ出すほどに大きな焼きハゼとハ...
88,宮城県,はらこ飯,宮城県には北上川、鳴瀬川、阿武隈川をはじめとする大小さまざまな河川があり、毎...
89,宮城県,ずんだ餅,宮城県では餅を食べる機会が多く、正月、婚礼、法事、葬儀などの年中行事には欠か...
90,宮城県,はっと汁,はっとは、県北一帯で食べられている、小麦粉を使用した郷土料理。小麦粉に水を加...
91,宮城県,ナメタガレイの煮つけ,ほかの地域では「ババガレイ」「インドガレイ」と呼ばれているナメタガレイ。ぬめ...
92,宮城県,ふすべ餅,米どころである宮城県では、昔から正月、婚礼、法事、葬儀などの年中行事には欠か...
93,宮城県,ホヤの酢の物,三陸の沿岸部で養殖されているホヤ。養殖されているのはマボヤが中心で、カキの殻...
94,宮城県,エビ餅,宮城県は餅料理が豊かで50種類以上あるといわれる。正月、婚礼、法事、葬儀などの...
95,宮城県,笹かまぼこの磯部揚げ,豊かな漁場を持つ宮城県では、気仙沼や石巻、塩竃、閖上といった漁港がある、明治...
96,宮城県,どんこ汁,ドンコは、エゾイソアイナメ、チゴダラの別名で、秋から冬にかけて旬を迎える魚で...
97,宮城県,みょうがの葉焼き,みょうがは本州から沖縄まで自生する多年草で、しょうがの仲間。花も茎も香味野菜...
98,宮城県,あざら,宮城県気仙沼市では新鮮な魚がよくとれる。メヌケは特に冬になると脂がのり旬を迎...
99,宮城県,油麩丼,お盆になると豆腐店は精進料理に使用する油揚げ、豆腐づくりに精を出した。しかし...
100,宮城県,いちじくの甘露煮,いちじくは、紀元前からある果物で、日本には「中国を経て長崎に伝来した」と言う...
101,宮城県,いわなの塩焼き,イワナは清らかな水が流れる源流地帯の上流域にのみ生息する魚。なかなか釣ること...
102,宮城県,柿なます,昔から「柿が赤くなると医者が青くなる」ということわざがあるように、柿にはビタ...
103,宮城県,がんづき,雁（がん）の肉に似ていることからその名がついたといわれる「がんづき」は、宮城...
104,宮城県,きしゃず炒り,きらず炒り、きしゃず炒りともいわれる伝統の郷土料理。きらずとは、豆腐をつくっ...
105,宮城県,呉汁,大豆は「畑の肉」と称され、必須アミノ酸がバランスよく含まれた良質なタンパク質...
106,宮城県,サンマのきがき,気仙沼の本吉地方では、昔からカツオの魚群が沿岸近くまで回遊し、大量に水揚げさ...
107,宮城県,サンマのすり身汁,サンマは、金華山沖を代表する魚で、古くから秋の味覚として親しまれてきた。サン...
108,宮城県,しそ巻き,しそは、縄文遺跡からも種の化石が出土するほど、古くから日本人に食されてきた食...
109,宮城県,仙台白菜の漬物,日本で白菜が栽培されるようになったのは明治時代からで、宮城県では日清・日露戦...
110,宮城県,たけのこご飯,たけのこは、和食に欠かせない食材で、「古事記」にも記されているほど、古くから...
111,宮城県,なす炒り,なすの旬は夏から秋であり、地域によって育てられている種類もまったく異なる。 ...
112,宮城県,ばっけ味噌,江戸時代、「味噌を用いず木葉、草根を食えばその毒にあたる」という教えが広がり...
113,宮城県,へそ大根のにしめ,寒さが厳しい東北地方では、古くから寒風に野菜や魚をさらして保存食をつくる習慣...
114,宮城県,ほっきめし,ホッキ貝（北寄貝）は、正式名をウバガイという大型の二枚貝で、その大きさと美味...
115,秋田県,いぶりがっこ,秋田の代表的な燻製干しのたくあん漬け。今では県内全域で作られているが、かつては…
116,秋田県,ハタハタ寿し,ハタハタは元来深海に住む魚で、海が荒れて雷鳴がとどろくような時に、産卵期の一時期…
117,秋田県,笹巻き,もち米を笹の葉で巻いて、イ草で結んで蒸し上げたもの。県内各地でつくられる伝統食で、…
118,秋田県,だまこ鍋,鶏ガラベースの汁に鶏肉や野菜、すり鉢で突いたご飯を団子にしたものが入った、秋田の冬…
119,秋田県,納豆汁,納豆汁はていねいにすり潰した納豆を混ぜた味噌汁で、秋田県南地域に伝わる郷土料理
120,秋田県,きりたんぽ鍋,きりたんぽ鍋は鶏ガラと調味料で作った汁に炊いたご飯をすり潰したものと野菜を入れた…
121,秋田県,いものこ汁,いものこ汁とは、里芋を用いて作られる汁料理で、鍋料理としても食される。岩手や秋田…
122,秋田県,柿漬け,「柿漬け」とはたっぷりの大根と渋柿を塩と砂糖で漬けた漬け物。発酵文化が根づいてきた…
123,秋田県,なた漬け,「なた漬け」は大根をなたで切って甘酒に漬けた漬け物。秋田三代名物がっこ（漬け物）…
124,秋田県,てんこ小豆の赤飯,秋田の赤飯。日本の赤飯文化には地域性や食文化の特徴があり、おめでたい日やお祝い…
125,秋田県,卵寒天,「卵寒天」は寒天液に、溶き卵と砂糖を混ぜてかためた料理。寒天の原料は海藻の天草…
126,秋田県,豆腐カステラ,「豆腐カステラ」は豆腐を搾って水分を切った状態で砂糖や卵などを混ぜてカステラ状…
127,秋田県,あさづけ,「あさづけ」は米を煮て、野菜や果物を砂糖と酢で味付けした料理。一般に認知されて…
128,秋田県,鱈の子炒り,鱈は欠かすことのできない秋田県の冬の味覚の魚。一般的にタラコと言えばスケトウダラ…
129,秋田県,かまぶく,「かまぶく」とはゆでてつぶしたじゃがいもに餅粉と砂糖を加えて、かまぼこ状に成型…
130,秋田県,じゅんさい鍋,「じゅんさい鍋」とは鶏肉やごぼうなどの具材とともにたっぷりのじゅんさいを入れた鍋…
131,秋田県,鱈汁,「鱈汁」は鱈とネギを味噌ベースの汁で煮た鍋料理。秋田県では「鱈」といえば、「ハタ…
132,秋田県,とんぶりの長芋和え,「とんぶり」は、アカザ科のコキア（ホウキギ）に実る1～2mmほどの緑色をした実の外…
133,秋田県,なすの花ずし,「なすの花ずし」は輪切りにした大ぶりのなすを漬けて中に餅米、菊の花、南蛮（赤とう…
134,秋田県,鯉の甘煮,「鯉の甘煮」は、血抜きした鯉を輪切りにして甘辛くじっくりと煮付けた料理。秋田県…
135,秋田県,おやき,「おやき」は餅米で作った皮であんこを包んでほんのり焼いた伝統菓子。おやきといえば…
136,秋田県,かすべ煮,「かすべ煮」とはエイの干物（干しかすべ）を甘辛く煮た料理。北海道や東北地方では、…
137,秋田県,しょっつる鍋,「しょっつる鍋」とは秋田に伝わる魚醤・塩魚汁（しょっつる）を出汁に、ハタハタを入…
138,秋田県,とろろまんま,「とろろまんま」はすり鉢ですりおろした「やまのいも」に濃いめの味噌汁を入れて…
139,秋田県,きゃのっこ汁／けの汁,「きゃのっこ汁」は細かく刻んだ野菜や山菜、金時豆などを出汁と味噌で味つけた汁料理…
140,秋田県,干し餅,「干し餅」とは撞いた餅を切って吊るし編みにして、多量の水分を含ませて寒さらしに…
141,秋田県,なすのこうじ漬け,「なすのこうじ漬け」とはなすを米と糀を使って漬け込んだ漬物。主に県南地域で漬けら…
142,秋田県,三杯みそ,「三杯みそ」とは餅米粉、うるち米粉、小豆を合わせて作った餅料理。それぞれの材料を…
143,秋田県,赤漬け／赤ずし,「赤漬け／赤ずし」とは炊いた餅米を塩で揉んだ赤じそと酢で漬け込んで発酵させた料理…
144,山形県,食用ぎくのおひたし,食用ぎく（刺身などのつま用の小ぎくを除く）の生産が盛んな山形県には菊を使った郷...
145,山形県,だし,野菜を生のまま手軽に食べられる夏の山形県の定番料理。山々に囲まれ夏は高温多湿で...
146,山形県,納豆汁,山形県では、食材が不足する冬を乗り越えるための保存食として、納豆を自家製するの...
147,山形県,どんがら汁／寒鱈汁,マダラは、日本海の荒波の中で産卵期を迎える魚であり、庄内地域の冬の味覚として親...
148,山形県,芋煮,「芋煮」の発祥は古く、1600年代半ばともいわれている。当時、最上川舟運の終点...
149,山形県,しょうゆの実,「しょうゆの実」は、大豆、小麦（押し麦を使用する場合もあり）、米に種麹を混ぜて...
150,山形県,うどと凍み大根のどんころ煮,「凍み大根」や「凍み餅」などは、東北地方でよく見られる保存食の製法で、雪国なら...
151,山形県,わらびたたき,日本一の生産量を誇る山形県産のわらびは、ぬめり成分が強くて柔らかく、良質なわら...
152,山形県,塩引きずし,ハレの日の郷土料理として伝承されている「塩引きずし」は米沢市の発祥。サケを塩漬...
153,山形県,くきたち干しの煮物,「くきたち干しの煮物」はアブラナ科の野菜「くきたち」を使った郷土料理。くきたち...
154,山形県,玉こんにゃく,「玉こんにゃく」は”玉こん”の愛称で親しまれている山形県民のソウルフードである...
155,山形県,卵寒天/醤油寒天,山形県では、寒天を用いた料理は昔から食べられており、お茶うけとしても振る舞われ...
156,山形県,鱒のあんかけ,「鱒のあんかけ」は、庄内地域を代表する春の料理。マスのなかでも最も美味とされる...
157,山形県,おかひじきのからし和え,「おかひじきのからし和え」で使われる「おかひじき」は、もともと海岸に自生する野...
158,山形県,からかい煮,「からかい」とは北海道でとれるエイ（カスベ）のヒレで軟骨部分を乾燥させた乾物の...
159,山形県,ハタハタの湯上げ,ハタハタはうろこのない淡白な味わいの魚で、庄内地域の秋の味覚として親しまれてい...
160,山形県,青菜漬,多様な漬物文化が残る山形県。「青菜漬」は高菜の一種「山形青菜」を使った漬物で、...
161,山形県,おみ漬,多様な漬物文化が残る山形県。「おみ漬」は高菜の一種「山形青菜（せいさい）」を使...
162,山形県,雪菜のふすべ漬け,「雪菜のふすべ漬け」は、置賜地域のブランド野菜「山形おきたま伝統野菜」の一つ「...
163,山形県,あけびの味噌詰め焼き／あけびの油焼き,あけびは、山形県民にとって欠かすことのできない郷土の味覚として根づいており、春...
164,山形県,うこぎの切り和え,うこぎを細かく切って味噌と和える「切り和え」は、うこぎの垣根が最も多い置賜地域...
165,山形県,鯉のうま煮,「鯉のうま煮」は、コイを輪切りにし、砂糖・醤油・酒で煮た郷土料理。コイはかつて...
166,山形県,ひょう干しの煮物／ひょう干し煮,山形県は全域が豪雪地帯に指定され、流通の悪かった時代には冬場の食糧を確保するこ...
167,山形県,くじら餅,「くじら餅」という名前だが、材料にくじらの肉を使っているわけではない。その名の...
168,山形県,笹巻き,「笹巻き」は、浸水後に水切りしたもち米を笹の葉で巻き、結びひもをかけた後、熱湯...
169,山形県,遠山かぶの粕汁,「遠山かぶ」は、米沢市を発祥とする山形県の伝統野菜。その名前は米沢市遠山地区に...
170,山形県,塩くじら汁,「塩くじら汁」は、内陸の暑い夏を乗り切るための伝統のスタミナ料理。かつては保存...
171,山形県,冷や汁,「冷や汁」という名前から汁物を想像するが、季節の野菜と冷たいだし汁（浸し汁）を...
172,山形県,孟宗汁,「孟宗汁」は、孟宗（孟宗筍）という孟宗竹のたけのこを使った郷土料理。孟宗の旬は...
173,福島県,いかにんじん,するめいかとにんじんを細切りにし、醤油とざらめ、またはみりんの甘辛いたれに漬け...
174,福島県,こづゆ,福島県には、会津塗と言われる赤い漆塗りの器がある。この会津塗のなかでも、浅めに...
175,福島県,にしんの山椒漬け,福島に生魚の流通がほとんどなかった江戸時代、北海道で獲れたにしんを乾燥させて...
176,福島県,サンマのポーポー焼き,いわき市には「いわき七浜」と呼ばれる七つの浜があり、その周辺には多くの漁港が...
177,福島県,ほっきめし,相馬市は古くから米の生産が盛んに行われてきた。現在もコシヒカリやひとめぼれなど...
178,福島県,鯉の甘露煮,福島県の郡山市では鯉の生産が盛ん。明治になると猪苗代湖から引水し、溜池をつくり...
179,福島県,キャベツ餅,郡山市の逢瀬地区では、80年以上前から「キャベツ餅」と呼ばれる一風変わった郷土...
180,福島県,ざくざく,だいこんやにんじん、しいたけ、ごぼうなどの材料をすべて一口大に切って、だしで煮...
181,福島県,みそかんぷら,古殿町など福島の一部の地域では馬鈴薯のことを「かんぷら」と呼び、主食として食べ...
182,福島県,大根もち,福島県では長年にわたり、さまざまな野菜が栽培されてきた。全国的に生産されている...
183,福島県,つゆ煮しめ,つゆ煮しめはだし汁に野菜やにしん、豆腐などを入れて煮込み、醤油や砂糖で味付けし....
184,福島県,はらこ飯,松川浦や浜通りの河川では、秋になると新鮮な鮭を獲ることができる。中でも請戸川は、福島...
185,福島県,豆数の子,福島県では大豆が多く生産されており、「おおすず」や「ふくいぶき」「里のほほえみ...
186,福島県,三五八漬け,田畑が多く新鮮な野菜がたくさん採れる二本松市周辺のエリアでは、野菜を使った郷土...
187,福島県,あんこうのとも和え,冬に旬を迎えるあんこう。捨てるところがない魚とも言われ、身だけでなく肝などもよく...
188,福島県,あんぽ柿のなます,福島県で柿が食べられるようになったのは、江戸時代頃からと言われている。梁川町...
189,福島県,おひら,海藻にまいたけ、川魚のハヤと、海と山、川の恵みがバランスよく取り入れられた煮物...
190,福島県,鯉のあらい,郡山で鯉の養殖が始まったのは明治時代。江戸時代、雨量が少ない地域であったために...
191,福島県,凍豆腐の卵とじ,豆腐を凍らせてから戻し、乾燥させて作る「凍豆腐」は、寒い地域特有の郷土料理。...
192,福島県,じゅうねんぼたもち,福島県はえごまの名産地。その歴史は明治時代よりも前と言われ、長く栽培が行われて...
193,福島県,しんごろう,福島県で多く栽培されているえごま。県内では「じゅうねん」と呼ばれ、さまざまな...
194,福島県,鯉こく,鯉の生産がさかんな福島県郡山市。生産だけでなく、鯉食文化を守るために「鯉に恋す...
195,福島県,馬刺し,福島に馬肉食が広まったのは、戊辰戦争の頃。県内に運ばれてきた負傷者に馬肉を食べ...
196,福島県,打ち豆と切り昆布の煮物,「打ち豆と切り昆布の煮物」は、打ち豆、切り昆布などの長期保存のきく食材をうまく...
197,福島県,ぼうたら煮,その昔、内陸にある会津若松は、新鮮な魚介を手に入れることが難しかった。そのため...
198,福島県,はっとう,そば粉と米粉、またはもち米粉を練ってのばし、ひし形に切ってゆでる「はっとう」。...
199,福島県,えご,「えご」とは「エゴ草」と呼ばれる海藻を煮て溶かし、四角く固めた料理のこと。寒天...
200,福島県,じゅうねん冷やだれ,福島ではえごまが盛んに生産されており、えごまを使った郷土料理がよく食べられてい...
201,福島県,こんにゃくの白和え,塙町はこんにゃくの産地として知られており、こんにゃくの製法を町に広めた藤衛門と...
202,福島県,どんこ汁,「どんこ」は北海道の函館周辺から福島県浜通り地方の沿岸沿いに生息している魚。正...
203,茨城県,しもつかれ／すみつかれ,「しもつかれ」は、正月の残りのサケの頭に、節分でまいた豆の残り、そして根菜など...
204,茨城県,わかさぎとれんこんの酢漬け,「わかさぎとれんこんの酢漬け」は、国内第2位の湖面積を誇る霞ヶ浦の特産品である...
205,茨城県,がりがりなます,茨城県は、1年を通じて温暖な気候と豊かな水質を活かして、古来より農業が営まれ、...
206,茨城県,つけけんちん,茨城県は、朝晩の寒暖差が大きく、水捌けの良い傾斜地が多いことから、江戸時代から...
207,茨城県,煮合い,茨城県は全国トップクラスの耕地面積を有し、れんこんやごぼう、ねぎなど、1年を通...
208,茨城県,紫錦梅,日本三名園の一つである、水戸の偕楽園は約100品種3000本の梅が植えられ、梅...
209,茨城県,たがね餅,いまでも田園風景が広がり、全国屈指の米どころとしても名高い茨城県。年間を通じて...
210,茨城県,干しいも,老若男女から親しまれているさつまいもの加工品である「干しいも」。茨城県は、全国...
211,茨城県,すだれ麩のごま酢和え,「すだれ麩のごま酢和え」は、茨城県結城市でつくられている郷土料理である。結城市...
212,茨城県,こも豆腐,1年を通じて温暖な気候と豊かな水質を活かして、古来より農業が営まれてきた茨城県...
213,茨城県,五目いなりずし,茨城県では、1年を通じて温暖な気候と豊かな水質を活かして、古来より農業が営まれ...
214,茨城県,小倉れんこん,茨城県のれんこんは、出荷量および作付面積ともに全国一位で、国内50%以上のシェ...
215,茨城県,かぼちゃのいとこ煮,茨城県は、市場でも評価の高い「江戸崎かぼちゃ」をはじめ、「那珂かぼちゃ」や「み...
216,茨城県,はまぐりごはん,茨城県大洗岬から千葉県犬吠埼にいたる海域の鹿島灘は、親潮と黒潮がぶつかる潮目で...
217,茨城県,いわしの卯の花漬け,全国屈指の“農業県”として名高い茨城県だが、その一方で、“漁業県”という一面も...
218,茨城県,うなぎの帆引き煮,国内第2位の広さを誇る霞ヶ浦は、海との交流もあり、プランクトンが豊富なことなど...
219,茨城県,ごさい漬け,茨城県大洗岬から千葉県犬吠埼にいたる海域の鹿島灘は、親潮と黒潮がぶつかる好漁場...
220,茨城県,鯉の唐揚げ,国内第2位の湖面積を誇る霞ヶ浦では、主に北浦において、昭和40年頃（1960年...
221,茨城県,海藻よせ,「海藻よせ」は、茨城県鹿嶋から千葉県・銚子に至る鹿島灘沿岸で食べられている郷土...
222,茨城県,赤餅,「赤餅」は、赤もろこしの粉でつくる、赤色をした餅のことである。鎌倉時代ごろ、阿...
223,茨城県,みつめのぼたもち,「みつめのぼたもち」とは、第1子の赤ちゃんが生まれて3日後に食べる大きなぼたも...
224,茨城県,そぼろ納豆／しょぼろ納豆,水戸市では、江戸時代、台風が来る前に収穫できる早生小粒の大豆を美味しく食べる工...
225,茨城県,柚子大根,ピーマンやれんこん、ごぼうなど、収穫量全国1位の食材を多く抱える国内屈指の“農...
226,茨城県,ピーナッツ味噌/落花生味噌,落花生は、別名「南京豆」とも呼ばれ、日本には江戸時代ごろ伝わったといわれている...
227,茨城県,いもがらの炒め煮/いもがらの五目煮,いもがらは、里芋などの葉柄の芋茎と呼ばれる部分を乾燥させたもの。呼び名は各県に...
228,茨城県,れんこんのきんぴら,国内第2位の湖面積を有する霞ヶ浦の湖畔ではれんこん栽培が盛んであり、国内生産量...
229,茨城県,手作りさしみこんにゃく,茨城県の奥久慈地方は、古くからこんにゃく栽培が盛んで、こんにゃく発祥の地といわ...
230,茨城県,凍みこんにゃく,茨城県北部の奥久慈群地方は、古くからこんにゃく栽培が盛んな地域であり、江戸時代...
231,茨城県,あんこうの共酢,ゆでたアンコウを肝入りの酢味噌につけて食べる郷土料理。 アンコウは茨城県の地...
232,茨城県,パイタ焼き,サンマやイワシを叩いて味噌とねぎを入れて焼いた漁師料理である。「パイタ」とは、...
233,栃木県,しもつかれ／シモツカレ,栃木県を代表する郷土料理のひとつ。正月に食べた塩引き鮭の頭や、節分に煎った福豆...
234,栃木県,耳うどん,「耳うどん」は、佐野市葛生地区および宇都宮市城山地区に伝わる料理。うどんと言えば...
235,栃木県,干瓢の卵とじ,「干瓢の卵とじ」は、栃木県の特産品「かんぴょう」を用いた郷土料理である。栃木県は...
236,栃木県,芋ぐし／いも串,串に刺したさといもを焼き、焦げた味噌だれが香ばしい「芋ぐし」は、儀礼や行事に合わせて...
237,栃木県,さがんぼの煮つけ,海なし県栃木では、冷蔵庫が普及する以前、海の生魚といえばサガンボ（アブラツノザメ）...
238,栃木県,板台餅／ばんだい餅,栃木県日光市栗山地区に古くから伝わる郷土料理。もち米ではなく硬めに炊いたうるち...
239,栃木県,小麦まんじゅう,「小麦まんじゅう」は、小麦粉で作った皮で小豆あんを包み蒸したもの、単にまんじゅう...
240,栃木県,かてそば,ここで言う「かて」とは増量材のこと。だいこんやにらなどを加え、かさ（量）を増すこと...
241,栃木県,ちたけそば（うどん）,「ちたけうどん」は、ちたけとなすを炒めただし汁の中にうどんを入れた、平地林が広が...
242,栃木県,モロの煮付,「モロの煮付」は、茨城県北部や福島県、宮城県沖で獲れた「ネズミザメ（モウカザメ）...
243,栃木県,干瓢のごま酢あえ,数あるかんぴょう料理の中でも、「干瓢のごま酢あえ」は「干瓢の卵とじ」などと共に県...
244,栃木県,ゆず巻き,「ゆず巻き」は、だいこんでゆずの皮を巻いて、2～3日程甘酢に漬けた郷土料理。秋の祭り...
245,栃木県,五目飯,祭りや農家の休日など、特別な日などに作られる「五目飯」。かんぴょうをはじめ、干し...
246,栃木県,いなりずし,稲荷の神の使いとされるキツネの好物が油揚げとされ、油揚げを用いた寿司が稲荷社の供物...
247,栃木県,あいその甘露煮,「あいその甘露煮」は初春に獲れたウグイ（あいそ）を甘く煮詰めた栃木県の郷土料理で...
248,栃木県,揚げまき湯波の煮物,「揚げまき湯波の煮物」はゆばを巻いて揚げたものを味付けして煮た料理で、日光市を代表...
249,栃木県,ばっとう汁・だんご汁（すいとん）,野菜の入ったみそ汁に練った小麦粉や米粉を入れたものを一般には「すいとん」というが...
250,栃木県,かんぴょうのり巻き寿司,甘じょっぱく煮たかんぴょうを巻いた細巻き鮨や、卵、きゅうりと一緒に巻いた太巻き鮨...
251,栃木県,煮しめ,地域の祭りや各家庭で行う年中行事のほか、冠婚葬祭でも振る舞われる郷土料理。栃木...
252,栃木県,ニシンとタケノコの煮付け,身欠きにしんとたけのこを甘じょっぱく煮付けた料理。内陸部の栃木県は、新鮮な海産物...
253,栃木県,ぼた餅,彼岸の添え物として欠かせないごちそう。牡丹の花が咲く頃の春の彼岸では「ぼた餅」、萩...
254,栃木県,鮎めし,鮎と米を炊き込んだ「鮎めし」は、那珂川や鬼怒川など鮎の獲れる川筋の人々が昔から作...
255,栃木県,えび大根,寒くなると川エビが獲れる県南地域で、霜の便りを聞く頃に作る冬の料理。親戚や家を出...
256,栃木県,草餅,「草もち」は、餅草（よもぎ）を入れてついた餅で、餅草が芽を出し幾分育った3月中旬...
257,栃木県,白あえ,人寄せからハレの日だけでなく、普段の食事でも家庭料理の献立として多くの人々に親し...
258,栃木県,ちたけとなすの油炒め,栃木を代表するきのこ「ちたけ」となすを炒めた料理。「ちたけ」とは、「ちちたけ（乳...
259,栃木県,なすといんげんの油味噌,なすは夏から秋にかけての代表的な野菜である。夏季の気温が高くなる内陸栃木県は、な...
260,栃木県,どじょう汁,「どじょう汁」は夏に決まって作る料理のひとつ。厳しい夏場に暑さを乗り切ろうと食べ...
261,栃木県,焼き餅,おやつや間食が手作りの時代に、残りご飯に小麦粉や味噌を加えて丸めて押しつぶし、...
262,栃木県,切干し大根の煮物,切干し大根をかためにもどし、調味料を加えてゆっくり煮含めた料理。冬の栃木県は空っ...
263,群馬県,おきりこみ／おっきりこみ,群馬は小麦粉の名産地。水はけのよい田んぼや冬に吹く乾燥した冷風・からっ風の影響...
264,群馬県,すいとん,昔から米と麦の二毛作が行われてきた群馬では、特に小麦粉の生産が盛ん。それゆえに...
265,群馬県,炭酸まんじゅう,群馬は「ぐんま百名山」として100山を選定するほど、豊かな山脈が広がるエリア。...
266,群馬県,やきもち,群馬は利根川から流れる豊かな水源があるほか、日照時間は長く全国トップクラスである...
267,群馬県,あまねじ／あまだんご,米の収穫が終わった秋頃から、群馬では小麦を栽培して二毛作を盛んに行っている。その...
268,群馬県,しめ豆腐,食糧不足で肉や魚などが不足していた時代、大豆はたんぱく源として重宝されていた...
269,群馬県,かて飯,米が不足していた時代は、米の代わりを補うような料理がさまざまに考案されていた...
270,群馬県,ねぎぬた,群馬県で生産されている特産品の一つに、ねぎがある。根深ねぎや上州ねぎなども...
271,群馬県,まゆ玉,群馬は古くから養蚕業が盛んで、現在もオリジナルの蚕品種を使用した「ぐんまシルク...
272,群馬県,上州きんぴら,1983年、第38回国民体育大会「あかぎ国体」が群馬県で行われた。このとき群馬...
273,群馬県,群馬のうどん,粉食文化が根づく群馬で、主食として親しまれている「うどん」。各地域の気候や特色...
274,群馬県,こんにゃくの白和え,「こんにゃくの白和え」は豆腐とごまをすりつぶした衣でこんにゃくを和えた料理。白...
275,群馬県,すみつかれ,「しもつかれ」、「すみつかり」、「しみつかれ」などとも呼ばれる。正月に食べた鮭の...
276,群馬県,ざく煮,群馬ではもともと、秋のえびす講・正月えびす講(春えびす講)や節分などの行事に...
277,群馬県,花いんげんの煮豆,野菜やこんにゃく芋、フルーツなどさまざまな農畜産物を栽培している吾妻地域...
278,群馬県,なまずの天ぷら,群馬県の東毛にある板倉町は「群馬の水郷」と呼ばれるほど水源が豊か。現在も全国最大...
279,群馬県,鮎塩焼き,美しい河川が多くある群馬では、多様な川魚が豊かに育ち、それらを活かした郷土料理...
280,群馬県,鶏めし,農畜産物が豊富に生産されている群馬では、鶏肉もまた上質なものを育てている。特に...
281,群馬県,すき焼き,群馬には国内で初めてEUに輸出された「上州牛」や、甘楽郡下仁田町で栽培される太...
282,群馬県,ソースカツ丼,群馬は30種以上の銘柄豚が存在するほど、豚肉の名産地として知られている。県内で生...
283,群馬県,呉汁,農作物が豊富に育つ群馬では、風味豊かな大豆を多く生産している。県として「かぶら...
284,群馬県,じりやき,おきりこみやすいとん、炭酸まんじゅうなど、小麦粉を使った郷土料理を多く持つ群馬...
285,群馬県,こんにゃく味噌おでん,群馬の特産物と言えば、こんにゃく芋。収穫量は全国第1位（農林水産省「令和2年産...
286,群馬県,こしね汁,群馬県の南部にある富岡市は自然豊かな街。赤城山、榛名山とともに上毛三山と呼ばれ...
287,群馬県,ゆず巻き,冬の群馬は、山地を越えて降りてくる乾いた風「からっ風」が吹く。また、冬の時期は...
288,群馬県,焼きまんじゅう,小麦が盛んに生産されている群馬では、小麦粉を使った郷土料理が多く親しまれている...
289,群馬県,ぎゅうてん,小麦の生産が盛んな群馬では、小麦粉を使った料理がたくさん食べられている。もと...
290,埼玉県,埼玉のうどん,「麦踏み」など麦の収量を４～５倍に増加させる多収栽培方法の開発に尽力した権田愛...
291,埼玉県,呉汁,「呉汁」は、稲作や畑作を行っていた地域を中心に、埼玉県全域で愛されている郷土料...
292,埼玉県,冷や汁／すったて,それぞれの地域でとれる野菜や魚を使い、日本各地様々な場所で独自に発展してきた郷...
293,埼玉県,いがまんじゅう,鴻巣市（旧川里町）が発祥と言われる「いがまんじゅう」は、埼玉県北東部の主に穀倉...
294,埼玉県,塩あんびん,久喜市や加須市、行田市といった埼玉県北部から東部にかけての地域では、新米の収穫...
295,埼玉県,かてめし,秩父地方を中心に埼玉県の郷土料理として定着している「かてめし」。特に米の生産量...
296,埼玉県,煮ぼうとう／ひもかわ,稲作の裏作として小麦が多く生産されていた埼玉県では、さまざまな地域で多種多様な...
297,埼玉県,ゼリーフライ,「フライ」「ゼリー」というものの、肉や魚を油で揚げた「フライ」やお菓子の「ゼリ...
298,埼玉県,ねぎぬた,"埼玉県はネギの生産量が全国でも2番目に多く、その量はなんと50,600トン（農林水産省..."
299,埼玉県,ねじ／小豆ぼうとう,秩父郡の小鹿野町がルーツの「ねじ」は、螺旋状にねじった短いうどんに小豆あんを...
300,埼玉県,みそポテト,「みそポテト」は、「第5回埼玉B級ご当地グルメ王決定戦inちちぶ」（平成21年）で優...
301,埼玉県,甘露梅,埼玉県の中央、入間郡にある越生町。関東三大梅林の一つといわれる越生梅林があり、...
302,埼玉県,栗の渋皮煮,日高市は埼玉県内でトップクラスの栗の産地で、大きなものだと1粒30グラム以上に...
303,埼玉県,つみっこ,昔から小麦の栽培が盛んだった埼玉県は、うどん文化が根付いているが、本庄市や秩父...
304,埼玉県,こんにゃくのみそおでん,寄居町風布地区、秩父地域では、古くからこんにゃく芋が栽培されており、こんにゃく...
305,埼玉県,やきとり,東松山市は、北海道の美唄市、室蘭市、福島県福島市、愛媛県今治市、山口県長門市、...
306,埼玉県,ゆず巻き,入間郡越生町を中心に、古くからゆずの栽培が行われている埼玉県では、ゆずを使った...
307,埼玉県,うでまんじゅう,小麦文化が根付き、様々なまんじゅうが作られてきた埼玉県。中でも所沢市は、かつて...
308,埼玉県,すみつかれ,「すみつかれ」は、北埼玉地域を中心としたエリアの郷土料理で、初午の行事食、冬の...
309,埼玉県,フライ,行田市など北埼玉地方に伝わる「フライ」は、揚げ物ではなく焼き物だ。小麦粉を水で...
310,埼玉県,飯餅,埼玉県全域では、残り物のご飯を水でといた小麦粉の生地と混ぜて焼く料理があり、秩...
311,埼玉県,八ツ頭の茎の炒め煮,里芋や八ツ頭の茎は「ずいき」と呼ばれ、それを乾物にした「芋がら」は、かつては保...
312,埼玉県,たらし焼き,主に秩父地域や加須市などの東部低地で、農作業の合間の小休止に食べられる小昼飯と...
313,埼玉県,つとっこ,栃の葉とわらひもでもち米を包んで炊いた「つとっこ」は、古くは武士が戦場へ持って...
314,埼玉県,おなめ,「おなめ」は、麦こうじと大豆を使用した発酵食品である。冷蔵庫で保存すれば半年以...
315,埼玉県,どじょう煮,秩父山系を源とする荒川と利根川などの河川を有する埼玉県では、人々は川の豊かな恵...
316,埼玉県,くわいの含め煮,6月下旬から7月上旬に田んぼに苗付けをするくわいは、収穫期が11月末から12月中と...
317,埼玉県,小麦まんじゅう,かつて埼玉県では米の裏作として小麦栽培が盛んであったため、県全域でうどんやまん...
318,埼玉県,聖天ずし,熊谷市妻沼地域は、江戸時代は利根川の水運で栄え、田んぼと畑の豊かな大地に米や...
319,千葉県,太巻ずし,農家など一般家庭に伝えられてきた寿司の一種であり、歴史は寛政年間（1789年-1801...
320,千葉県,せぐろいわしのごま漬け,イワシは平安時代から食べられており日本人にはなじみの深い魚である。陸にあげる...
321,千葉県,なめろう,黒潮洗う太平洋に面した千葉県房総半島沿岸部に古くから伝わる郷土料理。上総・安...
322,千葉県,はば雑煮,はばとは房州産の海藻を干した「はばのり」のこと。（「はばのり」は秋に遊走子が...
323,千葉県,かいそう,「かいそう」の元となる、コトジツノマタは、潮間帯の岩上に付着する、高さ20cm程...
324,千葉県,さんが焼き,房総半島周辺では昔からアジやイワシ、サンマなどがよく獲れた。漁師たちは獲れた...
325,千葉県,ゆで落花生,南米大陸のアンデス原産の落花生が、東アジアを経由して日本に入ってきたのが1706...
326,千葉県,落花生味噌,落花生は、別名「南京豆」とも呼ばれ、日本には江戸時代ごろ伝わったといわれてい...
327,千葉県,性学もち,江戸時代末期に活躍した農民指導者「大原幽学（おおはら　ゆうがく）」が考案。「...
328,千葉県,ふうかし,あさりを使った「ふうかし」は富津市から船橋市にかけてのベイエリアの郷土料理で...
329,千葉県,くじらのたれ,「くじらのたれ」は、くじら肉をたれに漬け込んで干した千葉県南房総の郷土料理。...
330,千葉県,いわしのだんご汁,九十九里地域は、海の幸、里の幸の宝庫であり、特に古くから知られる好漁場である...
331,千葉県,いわしの卯の花漬け,九十九里地域は、海の幸、里の幸の宝庫であり、特に古くから知られる好漁場である...
332,千葉県,瓜の鉄砲漬,瓜の中を鉄砲のようにくり抜き、しその葉を巻いた唐辛子を火薬に見立てて詰め、無...
333,千葉県,かき餅,「かき餅」は、主にお茶うけとして餅を油で揚げたり、炭火で焼いたりして食されて...
334,千葉県,からなます,「からなます」は、イワシやおからを使ったおからの酢の物である。祭りなどの人が...
335,千葉県,チッコ豆腐／牛乳豆腐,江戸時代8代将軍徳川吉宗公がインド産と言われる白牛（セブ一種）を嶺岡牧（現千葉...
336,千葉県,金山寺みそ,「金山寺みそ」は、千葉県東金市の特産品であり、千葉県でも昔からつくられている...
337,千葉県,ごんじゅう,「ごんじゅう」は、豚バラ肉と油揚げを甘辛く煮てご飯に混ぜたおにぎりで、千葉県...
338,千葉県,重箱入りぼたもち／おはぎ,「重箱入りぼたもち」は、ぼたもちを一つづつまるめるのではなく、もち米ごはんと...
339,千葉県,すみつかれ,「すみつかれ」は、2月の最初の午の日である初午に小豆ご飯と一緒にお稲荷様に供え...
340,千葉県,高津のとり飯,「高津のとり飯」は、千葉県八千代市高津地区で広まった郷土料理である。醤油で煮...
341,千葉県,塩漬けタケノコの天ぷら,「塩漬けタケノコの天ぷら」は、塩漬けしたたけのこの塩を洗ったのち調味料と合わ...
342,千葉県,鉄砲巻き,富津市の郷土料理である「鉄砲巻き」とは、醤油で味付けしたカツオ節を具にした太...
343,千葉県,てんもんどう,千葉県では野菜がたくさん採れることから、それを砂糖で煮て長期保存が可能なお菓...
344,千葉県,ばらっぱまんじゅう,「ばらっぱまんじゅう」は、千葉県の北総地域で古くよりつくられており、夏祭りや...
345,千葉県,ヤンゴメ,「ヤンゴメ」は、炒った米とゆでた小豆に砂糖を合わせ炊いた料理である。見た目は...
346,千葉県,鶏雑炊,「鶏雑炊（とりどせ）」は正月や冠婚葬祭などのハレの日、集会や祭りなどの人寄せ...
347,東京都,深川めし／深川丼,「深川めし」とは、元来、ネギと生のアサリを味噌で煮込んでご飯にかけたものと言われ...
348,東京都,にぎりずし,にぎりずしは、酢飯の上に具材をのせた日本を代表する料理の一つである。平安時代...
349,東京都,もんじゃ焼き,もんじゃはゆるく水で溶いた小麦粉に具材を混ぜて鉄板で焼き、めいめいのヘラで熱々を...
350,東京都,柳川鍋／どじょう汁,「どじょう汁」には二種類あり、「丸鍋」は生きたドジョウを丸ごと煮立った酒の中に...
351,東京都,おでん,おでんとは鰹節と昆布でとっただしに、さつま揚げや大根、こんにゃく、ちくわぶなどタネ...
352,東京都,てんぷら,てんぷらは魚介や野菜などの具材に小麦粉をまぶし、卵と小麦粉を溶いた衣液にひたして...
353,東京都,お雑煮,お雑煮とは焼いた餅に火を通した鶏肉や青菜などを添え、すまし汁をかけた正月料理。室町...
354,東京都,べったら漬け,べったら漬けとは、塩で下漬けした大根を米麹と砂糖で漬けこんだ漬物。江戸時代の...
355,東京都,しょっから汁,「しょっから汁」とは、小ぶりのムロアジを丸ごとミンチにして塩を加え発酵させた「し...
356,東京都,コロッケ,コロッケとはふかしじゃがいもをつぶし、炒めた玉ねぎとひき肉を加えて形を整え、衣を...
357,東京都,玉子焼き,玉子焼きとは卵を調味して厚く焼き上げた料理。関東では甘めに調味し、少々焦げ目が...
358,東京都,親子丼,親子丼とは煮立てただし汁と調味料で鶏肉と玉ねぎを煮たのち卵でとじた具を白飯に...
359,東京都,かんぴょう巻き,かんぴょう巻きとはのりに酢飯と水で戻したかんぴょうを甘辛く煮付けたものを芯にして...
360,東京都,治助芋のネギ味噌,治助芋のネギ味噌とは治助芋と呼ばれる芋を蒸して、ネギ味噌をつけた料理。...
361,東京都,おくたまワサビのTOKYO-X巻き,おくたまワサビのTOKYO-X巻きとは刻んだ根わさびを豚肉で巻いて焼き上げた料理。...
362,東京都,のしこみうどん,のしこみうどんとは煮干しとしいたけでとっただしに酒と塩と醤油で味をつけ、コシのある...
363,東京都,すき焼き,すき焼きとは醤油、砂糖、酒をベースにした割り下に、牛肉にネギ、春菊、焼き豆腐など...
364,東京都,穴子寿司,穴子寿司とはシャリの上に煮てネタ状にしたあなごをのせ、ツメと呼ばれる煮詰めたたれ...
365,東京都,島ずし,島ずしとはすしネタにする魚を薄く切って醤油ベースの液に漬けて、酢飯で握った八丈島...
366,東京都,そば,そばは、そばの実をひいたそば粉につなぎと水を加えてこねたのち、細長く切った麺料理。...
367,東京都,こはだの粟づけ,江戸時代から江戸前を代表する食材だった「コハダ」は、仕込みに職人の技が問われる...
368,東京都,桜もち,「桜もち」は、享保二年（1717年）、長命寺の門前に住み寺の御用を務める山本新六という...
369,東京都,いもようかん,「いもようかん」は、主な使用食材のさつまいもを蒸して練り上げ成型させたものである。...
370,東京都,鰻のかば焼き,江戸前「うなぎのかば焼き」は、生きたうなぎを割いて串打ちにし、白焼きにして蒸した...
371,東京都,佃煮,江戸時代から保存食として食されてきた「佃煮」は、佃島（現中央区佃周辺）にちなんで...
372,東京都,ねぎま鍋,「ねぎま鍋」は、まぐろとねぎを醤油で調理した、江戸発祥の庶民の味。まぐろが下魚...
373,東京都,きんぴら,「きんぴら」はごぼうのしっかりとした食感や歯ごたえ、唐辛子のピリ辛さを「坂田金平」...
374,東京都,ちゃんこ鍋,明治時代に始まったと伝わる「ちゃんこ鍋」。ちゃんことは、力士たちが食べる料理の...
375,東京都,串だんご,団子は平安時代に唐からの伝来の唐菓子の一つの団喜が団子になったといわれている。米の...
376,東京都,うどの酢味噌和え,数少ない日本原産の野菜のひとつうどを用いた料理と言えば「うどの酢みそ和え」が...
377,神奈川県,けんちん汁,大根やにんじんなどの野菜を油で炒めてから煮込む料理。その発祥には諸説あり、中国の...
378,神奈川県,大山の豆腐料理,"丹沢大山国定公園に属する標高1,252メートルの大山では、丹沢山系の良質な水を..."
379,神奈川県,生しらす丼,新鮮な生しらすを酢飯（または白飯）に乗せた丼飯。茅ヶ崎、鎌倉、江の島など湘南地域...
380,神奈川県,へらへら団子,三浦半島の西部に位置する横須賀市佐島に伝わる、小麦粉と白玉粉で作った平たい団子に...
381,神奈川県,よこすか海軍カレー,日本における家庭料理の大定番、カレーライス。そのルーツの一説には日本海軍でふる...
382,神奈川県,とん漬け,良質な国産豚肉を特製味噌にじっくりと漬け込んだもので、厚木市の名物料理である...
383,神奈川県,酒まんじゅう,米・麹から作った酒種と小麦粉を混ぜた生地で、あんを包んで蒸しあげたまんじゅう。...
384,神奈川県,かて飯,相模原市に古くから伝わる郷土料理で、白飯と煮付けた野菜を混ぜ合わせた混ぜご飯。...
385,神奈川県,ワカサギの甘露煮,神奈川県の西端、箱根町の芦ノ湖で獲れたワカサギを、素焼きしてからじっくり煮込み...
386,神奈川県,梅ごはん,梅干しとちりめんじゃこを混ぜた米を、だし汁で炊いた飯料理。梅のさわやかな香りと...
387,神奈川県,にごみうどん,野菜を具とした汁で直接うどんを煮込んだ、相模原市津久井地域の郷土料理。地域内...
388,神奈川県,かんこ焼き,「かんこ焼き」は、小麦粉の皮でたっぷりの具を包み、焼いて蒸しあげた、おやきの...
389,神奈川県,マグロのかぶと焼き,日本屈指のマグロ漁港として知られる三浦半島の三崎港。「マグロのかぶと焼き」は、...
390,神奈川県,割り干し大根のはりはり漬け,三浦半島の先端に位置する三浦市に伝わる郷土料理。地域の特産品である大根を、切り...
391,神奈川県,のらぼう菜のおひたし,川崎市多摩区菅地区で約800年も前から栽培されてきたといわれる伝統野菜、のらぼう...
392,神奈川県,サンマーメン,もやし、白菜、豚肉などを入れた野菜炒めにスープを入れ、とろみをつけてラーメンに...
393,神奈川県,牛鍋,味噌や醤油を使ったたれで牛肉を煮込んだ、横浜市発祥の鍋料理。すき焼きに似ているが...
394,神奈川県,石垣団子,相模原地域に伝わる郷土料理で、こねた地粉にさつまいもを入れてふかしたまんじゅう...
395,神奈川県,小田原かまぼこ,味付けしてよく練った魚のすり身を木の板に盛り付けて蒸しあげたもので、小田原市の...
396,神奈川県,奈良茶飯,米に栗、大豆、小豆、アワなどを入れ、お茶で炊いた炊き込みご飯。もともとは奈良の...
397,神奈川県,田にしの味噌煮,東京の奥座敷として知られる温泉郷・飯山の郷土料理で、甘辛い味噌で田にしを煮込ん...
398,神奈川県,シューマイ,横浜市はシューマイの消費額日本一の都市である。全国におけるシューマイ（冷凍食品...
399,神奈川県,茹で落花生,落花生を殻付きのまま塩ゆでしたもの。日本で最初に落花生が栽培されたのは神奈川県...
400,新潟県,のっぺ,「のっぺ」は、新潟の代表的な家庭料理であり、日本全国いたるところにある郷土料...
401,新潟県,いごねり,「いごねり」は、日本海でとれるいご草を使ってつくる佐渡を代表する郷土料理。秋...
402,新潟県,しょうゆおこわ,長岡市に伝わる「しょうゆおこわ」は、醤油で色付けしたおこわのこと。ふっくらと...
403,新潟県,笹団子,新潟の名産品として知られる「笹団子」は、笹の葉に包んでスゲなどの紐で結んだ俵...
404,新潟県,きりざい,「きりざい」は、納豆に刻んだ野菜を混ぜ合わせた魚沼地方に伝わる郷土料理。きり...
405,新潟県,笹寿司,「笹寿司」は、北信越地方に伝わる郷土料理で、新潟県では、上越地方を中心に食べ...
406,新潟県,鮭の焼漬け,サケが遡上する三面川が流れる村上市は「鮭のまち」として知られており、秋になる...
407,新潟県,ぜんまいの煮物,山間部は、春になると山菜がたくさんとれる。ぜんまいもその中の一つで、春先にと...
408,新潟県,かきあえなます,「かきあえなます」は、赤紫色の食用菊を使った郷土料理。菊の花を食べる習慣は新...
409,新潟県,かんずり,新潟県妙高市（旧新井市）に伝わる伝統の発酵調味料の「かんずり」は、一年で一番...
410,新潟県,車麩の煮物,麩は、グルテンを主な原料とした加工食品で、小麦粉を水で練ってつくられる。室町...
411,新潟県,煮菜,「煮菜」は、塩漬けにした菜っ葉を煮た郷土料理で、新潟県ではごく一般的な家庭料...
412,新潟県,干し大根漬け,雪の多い新潟県では、冬を越すための保存食としてつくられていた「干し大根漬け」...
413,新潟県,けんさん焼き,「けんさん焼き」は、おにぎりの上にしょうが味噌や甘味噌などをぬって焼いた郷土...
414,新潟県,佐渡の煮しめ,焼きあごで出汁をとり、野菜や昆布、焼き豆腐といった食材を、時間をかけてじっく...
415,新潟県,三角ちまき,新潟県には、全国的にめずらしいシンプルで素朴な味わいがする「三角ちまき」があ...
416,新潟県,ずいきの酢漬け,「ずいき」は、里芋の一種の「八つ頭」の葉柄のこと。夏の野菜として、全国的に広...
417,新潟県,タレかつ丼,「タレかつ丼」は、ごはんの上に揚げたての薄めのとんかつを甘辛い醤油だれにくぐ...
418,新潟県,くじら汁,「くじら汁」は、塩漬けにしたクジラの皮の脂身を野菜と一緒に味噌で煮た郷土料理...
419,新潟県,なまぐさこうこ,近年獲れる量が少なくなってきたイワシだが、昔は日本海沿岸部で4月5月になると大...
420,新潟県,冷やし汁みそ仕立て,「冷やし汁みそ仕立て」は、出汁と味噌で味付けした冷たい汁物で、主に夏に食べる...
421,新潟県,ふぐの子の粕漬け,日本海では、6月から7月にかけて「ゴマフグ」が獲れる。その卵巣を2年以上塩蔵した...
422,新潟県,ふかしなす,なすの消費量日本一の県である新潟県には「ふかしなす」という郷土料理がある。地...
423,新潟県,へぎそば,「へぎそば」とは、つなぎに布海苔（ふのり）という海藻を使った蕎麦をヘギといわ...
424,新潟県,身欠きにしんの糀漬け,北前船が運んだ物の中でも、大きな位置を占めたのが北海道のニシン。ニシンは、生...
425,新潟県,あんぼ,「あんぼ」とは、練ってつくった皮にあんや野菜などでつくった具を包んで蒸したお...
426,新潟県,竹の子汁,新潟県の山深い地域では、5月下旬から7月初旬にかけて「姫たけのこ」と呼ばれる千...
427,新潟県,いもみそ,阿賀野川と早出川が流れる五泉市は、肥沃でありながらも水はけのよい土壌と豊かな...
428,新潟県,飯ずし,村上市に古くから伝わる「飯ずし」は、なれずし（熟寿司）の一種で、保存食として...
429,新潟県,赤かぶ漬け,山形県との県境に位置する村上市山北地区では、8月の中旬頃に焼畑が行われ、そこに...
430,富山県,ほたるいかの酢味噌和え,「ほたるいかの酢味噌和え」は富山の春を代表する料理。ホタルイカは水深の深いとこ...
431,富山県,たら汁,富山県の東端にある朝日町は、山側に北アルプス、日本海側にはヒスイの原石が採れる...
432,富山県,酢ずき,ずいきと呼ばれる里芋の葉柄（茎と葉の間の部分）を酢漬けにした料理。すっきりとした...
433,富山県,ぶり大根,晩秋から初冬にかけて、猛烈な風が吹き荒れ雷が激しく鳴り響く天候を富山では...
434,富山県,かぶらずし,「かぶらずし」は、塩漬けにしたかぶに切り込みを入れブリなどを挟み、糀を使いじっ...
435,富山県,いとこ煮／にざい,浄土真宗の信仰文化が強く根付き、真宗王国とも呼ばれる富山県。開祖・親鸞聖人の命日...
436,富山県,とろろ昆布のおにぎり,おにぎりといえば海苔ではなくとろろ昆布を巻くのが富山県民の定番で、とろろ昆布を...
437,富山県,おせずし,ます寿司や笹寿司など、押し寿司のバリエーションに富んでいる富山県。「押しずし」が...
438,富山県,白えびのかき揚げ,特徴的な地形と、異なる性質の海水が重なる水産資源豊富な富山湾。深海に生息する...
439,富山県,昆布巻き,江戸時代、日本海を往来する北前船により北海道からたくさんの昆布が運ばれていた...
440,富山県,黒豆おこわ／みたま,富山県の東部地域で主に食べられている「黒豆おこわ」。別名、「みたま」や...
441,富山県,昆布〆,昆布で新鮮な刺身を挟んだ「昆布〆」は、江戸時代、北前船が運んできた北海道の昆布と...
442,富山県,黒づくり,スルメイカの身を細かく切り、イカスミとともに熟成させた塩辛の一種。黒く光る独特...
443,富山県,よごし／ごま味噌和え,富山県西部に位置する砺波平野を中心とした地域で、日常的に食されている一品。...
444,富山県,おすわい／すばい,「お酢和え」が訛って「おすわい」と呼ばれるようになり、多くの富山県民が子どもの頃...
445,富山県,ばいの煮もの,富山湾の深海に生息している巻貝の一種バイ貝。富山県では普段から食べられている馴...
446,富山県,焼き付け,もち粉に風味のいいよもぎを合わせてこねて焼き上げる「焼き付け」は、昭和初期の食糧難...
447,富山県,ぶりしゃぶ,天然のいけすといわれる富山湾で冬に捕れる寒ブリは平成8年に「富山県のさかな」に...
448,富山県,いかと里芋の煮もの,時季によって種類は異なるが富山では一年中イカがとれるためイカ料理のバリエーショ...
449,富山県,ます寿司,薄紅色のますが酢飯にのった押し寿司「ます寿司」は、富山で最も有名といえる郷土料...
450,富山県,たけのこの味噌煮,昆布のうま味が生かされた味噌仕立ての「たけのこの味噌煮」は春の訪れを感じさせる...
451,富山県,報恩講料理,真宗王国といわれるほど浄土真宗が盛んな富山県。浄土真宗の開祖・親鸞聖人の命日には...
452,富山県,雑煮,全国津々浦々さまざまな雑煮が存在しているが、富山県の中でも食される雑煮はエリア...
453,富山県,みょうが寿司,富山市の南東部（旧大山町）、小佐波地区で採れるミョウガは小佐波みょうがと呼ばれ...
454,富山県,白えび素干だしのそうめん,富山湾の宝石といわれるシロエビ。今でこそ刺身や寿司、かき揚げなどいろいろな調理...
455,富山県,すり身揚げ,富山湾には500種類もの魚介類が生息しており、海の幸が四季を通して水揚げされている...
456,富山県,げんげの味噌汁,体長は約20センチで細長く、白く透明感のある全身が分厚いゼラチン質で覆われている...
457,富山県,三日の団子汁,米どころの富山県では、行事や人生の節目節目に必ずと言っていいほど餅を使った料理...
458,富山県,つぼ煮,立山町の芦峅寺エリアは、日本三大霊山のひとつ立山連邦の玄関口にあたり、江戸時代に...
459,富山県,べっこう／えべす,溶き卵を流し入れた醤油風味の寒天寄せ「べっこう」は、口当たりがよく美しい見た目で...
460,石川県,ぶり大根,石川県の伝統食材を語るうえで欠かせないのが、ブリである。初冬、「ぶりおこし」と...
461,石川県,あいまぜ,三方を海に囲まれた能登半島。赤土に代表される粘りの強い土壌によって、栽培される...
462,石川県,なすそうめん,かつて、そうめんの産地として知られていた石川県。一大産地だった奥能登の輪島市で...
463,石川県,にしんの昆布まき,日本海に突き出た能登半島は、古くから海運の要衝を担っており、地域外との交易や文...
464,石川県,じぶ煮,「じぶ煮」は、石川県を代表とする煮物。鴨肉やすだれ麩、季節の野菜などを煮て食す...
465,石川県,きしず,加賀市の大聖寺町は、かつて白山五院（白山寺の末寺のこと）の一つ大聖寺の門前町と...
466,石川県,さわらの昆布じめ,サワラの刺身を昆布でしめたもの。サワラというと、西京焼きなどに使われる「鰆（さ...
467,石川県,なまこの酢の物,能登半島の冬の味覚として定着する、なまこ。能登のなまこの歴史は、8世紀ごろまで...
468,石川県,五色生菓子,石川県は古来より餅を食べる文化が根づいている土地である。たとえば、能登に伝わる...
469,石川県,たけのこ昆布,かつて城下町として栄えた歴史都市金沢市の近郊の山は、現在、たけのこの産地として...
470,石川県,加賀太きゅうりのあんかけ,かつて城下町として栄えた金沢市では、藩政時代から特産野菜が継承されてきた。これ...
471,石川県,すいぜん,「すいぜん」は、輪島に古くから伝わる郷土料理の一つ。てんぐさを煮て米粉を入れ、...
472,石川県,めった汁,「めった汁」とは、さつまいもや大根、人参といった根菜類を使った具だくさんの豚汁...
473,石川県,みたま,「みたま」とは、黒豆（黒大豆）ともち米を蒸した黒豆のおこわのことをいう。地域や...
474,石川県,さざえめし／さざえべし,輪島市の輪島港から北へ約50km。日本海上に浮かぶ離島、舳倉島（へぐらじま）で...
475,石川県,いさざの卵とじ,能登半島の中央に位置する穴水町。このまちの珍味として親しまれている食材が、イサ...
476,石川県,べか鍋,降雪はあるものの冬の気温は適度に低く、夏は高温多湿になる石川県。独特の気候風土...
477,石川県,いとこ汁,石川県では、秋の伝統行事の一つに「報恩講（ほうおんこう）」がある。これは、浄土...
478,石川県,メギスのだんご汁,メギスは、日本海、太平洋沿岸に分布する20cm程度の細長い魚。キスに似た見た目...
479,石川県,鯛の唐蒸し,尾頭つきのタイを背開きにし、人参、ごぼう、きくらげなどを入れて煮た五目おからを...
480,石川県,なすのオランダ煮,金沢市では、地元で伝統的に栽培されてきた野菜を「加賀野菜」としてブランディング...
481,石川県,たらの子つけ,タラは石川県では欠かせない冬の味覚の一つ。県内で食べられているタラは、スケトウ...
482,石川県,真子の煮つけ,石川県で「タラ」といえば、スケトウダラではなくマダラのことを指すのが一般的であ...
483,石川県,押しずし,石川県では祭りや祝いごとのハレの日に「押しずし」が食べられる。金沢市では、酢で...
484,石川県,かぶらずし,塩漬けしたかぶらに塩漬けしたブリを挟んだ、石川県を代表する伝統的発酵食品。従来...
485,石川県,大根ずし,「かぶらずし」と並ぶ、加賀を代表する伝統的発酵食品。身欠ニシンと大根を、米と麹...
486,石川県,ひねずし,「ひねずし」は、塩漬けした魚を米とともに漬け込み熟成させた発酵食品。輪島市、穴...
487,石川県,いしる鍋,「いしる」とは、能登地方に伝わる魚醤のこと。「魚汁（うおしる）」が訛ったものと...
488,石川県,えびす / べろべろ,「えびす」は、とき卵の寒天寄せ。祭りや祝いごとに欠かせない行事食である。江戸時...
489,石川県,はす蒸し,金沢市が認定するブランド野菜に「加賀野菜」がある。このブランド名が本格的に使用...
490,福井県,へしこ,若狭地域や越前海岸沿岸の伝統料理で、魚の内臓をとりだして塩漬けし、さらに糠漬...
491,福井県,なまぐさ汁,若狭湾での中心地だった小浜市は、”背負い”と呼ばれる京都まで魚を徒歩で運ぶ”鯖街...
492,福井県,さばぬた,若狭湾での中心地だった小浜は、「背負い」と呼ばれる京都まで魚を徒歩で運ぶ「鯖...
493,福井県,丸焼き鯖,若狭地域は、古くは飛鳥・奈良時代から、都の朝廷に食材を納めることを認められた...
494,福井県,ほんこさん／報恩講料理,福井県では昔から仏教、特に浄土真宗の信仰に熱心で、開祖・親鸞聖人の祥月命日(旧...
495,福井県,呉汁,開祖・親鸞の祥月命日（旧暦11月28日、新暦1月16日）の前後、秋から新年にかけてお...
496,福井県,厚揚げの煮たの,開祖・親鸞の祥月命日（旧暦11月28日、新暦1月16日）の前後、秋から新年にかけてお...
497,福井県,麩の辛し和え,開祖・親鸞の祥月命日（旧暦11月28日、新暦1月16日）の前後、秋から新年にかけてお...
498,福井県,すこ,開祖・親鸞の祥月命日（旧暦11月28日、新暦1月16日）の前後、秋から新年にかけてお...
499,福井県,古たくあんの煮物,福井県の代表的な郷土食として、昔から親しまれている。南越前町河野地区（旧河野...
500,福井県,昆布巻き／棒巻き,江戸時代中期（18世紀中頃）から明治30年代にかけて、北海道から福井各地を寄港し...
501,福井県,里芋のころ煮,開祖・親鸞の祥月命日（旧暦11月28日、新暦1月16日）の前後、秋から新年にかけてお...
502,福井県,長寿なます,「長寿なます」は、名前の通り食べると長生きするとされ、お正月には欠かせない。...
503,福井県,ごんざ／ごんじなます,「ごんざ」とは、打ち豆と大根の煮物である。「ごんざぶろう」という人がつくった...
504,福井県,にしんすし,江戸時代中期（18世紀中頃）から明治30年代にかけて、北海道から大阪まで日本海を...
505,福井県,葉ずし,「葉ずし」とはアブラギリ（油桐）というトウダイグサ科の落葉高木の葉で包んだ「...
506,福井県,葉っぱずし,「葉っぱずし」はアブラギリ（油桐）というトウダイグサ科の落葉高木の葉で酢飯と...
507,福井県,ほうばめし,福井県では昔、集落の田植えが終わると”さつきあげ”というお祝いをした。その時の...
508,福井県,おろしそば,平均寿命が全国でもトップクラスの福井県で、最もよく食べられているそばは「おろ...
509,福井県,雑煮,餅は日本人にとって祝い事に欠かせない縁起の良い食べ物である。新年を迎えるにあ...
510,福井県,はまなみそ,「はまなみそ」は冬限定の郷土料理である。米麹から甘酒をつくり、そこへ豆麹や醤...
511,福井県,ぼっかけ,「ぼっかけ」とは、福井県で100年以上前（大正初期）から食べられている郷土料理で...
512,福井県,茶飯,「茶飯」は奈良の東大寺、興福寺などではじめられた「奈良茶飯」が由来とされ、そ...
513,福井県,赤かぶらの酢漬け,福井県で有名な赤かぶら（赤かぶ）は、800年以上前より福井市美山地域の河内集落で...
514,福井県,せいげ,「せいげ（せえげ）」とは、福井県の冬の味覚である越前ガニのなかでも、せいこが...
515,福井県,とびつき団子,「とびつき団子」は、昔はお盆のお供えとしてどの家庭でも必ずつくられていた伝統...
516,福井県,でっち羊かん,「でっち羊かん」は、福井県の庶民の日常の味として親しまれる水羊かんで、福井県...
517,福井県,柏餅,田植えが無事に終わったことを祝う子どもたちが主役の祭りを「田の神祭り」という...
518,福井県,おつぼ,開祖・親鸞聖人の祥月命日（旧暦11月28日、新暦1月16日）の前後、秋から新年にかけ...
519,山梨県,ほうとう,「ほうとう」とは小麦粉を練り、平らに切った「ほうとうめん」を、たっぷりの具材...
520,山梨県,せいだのたまじ,「せいだのたまじ」とは、上野原市にある棡原（ゆずりはら）地域に古くから伝承さ...
521,山梨県,みみ,「みみ」とは主に富士川町十谷地域で、小麦粉をこねてのばし一口大に切った正方形...
522,山梨県,甘納豆のお赤飯,「甘納豆のお赤飯」とはその名のとおり、甘納豆を入れて炊いた赤飯である。味は甘...
523,山梨県,あわびの煮貝,「あわびの煮貝」とは山梨県の名産品であるが、四方八方を山に囲まれ海に面してい...
524,山梨県,鳥もつ煮,「鳥もつ煮」とは鳥のレバー、砂肝、はつ、きんかん、ひもなどを甘い醤油のたれで...
525,山梨県,めまき,「めまき」とは魚をアラメ(昆布の仲間)で巻いて、醤油や砂糖などでじっくりと煮込...
526,山梨県,小豆ほうとう,「ほうとう」の起源である餺飥は、平安時代には小豆の汁で食べられていたことが貴...
527,山梨県,おざら,山梨県で有名な郷土料理として「ほうとう」が挙げられるが、盆地の影響により冬は...
528,山梨県,甲州小梅漬,「甲州小梅漬」は山梨県の特産である甲州小梅を、まだ青い時期に収穫して、5月末に...
529,山梨県,枯露柿,甲州市や南アルプス市などでよくつくられる「枯露（ころ）柿」は、大きめの品種の...
530,山梨県,吉田のうどん,「吉田のうどん」はびっくりするような歯ごたえとコシ、太さのある小麦粉の麺を、...
531,山梨県,さんまめし,海のない山梨県でも秋になると質の良い新鮮なサンマが出回る。その旬のサンマと新...
532,山梨県,やこめ,稲作農家にとって、立春の頃の苗代の種まきは、「水口祭り」と呼ばれ、1年のうちで...
533,山梨県,あけぼの大豆の枝豆,「あけぼの大豆」は身延町曙地域などで明治時代から栽培されており、通常の大豆よ...
534,山梨県,あんびん,「あんびん」は峡南地域の特産として、さつまいもの粉や小麦粉、角切りのさつまい...
535,山梨県,いもがら入り太巻き寿司,山梨県内各地で日常的によく食べられている「いもがら」は、八つ頭や赤芽芋などの...
536,山梨県,うすやき,県土の約8割を森林が占めるという山梨県では、稲作のような広大な土地の利用が難し...
537,山梨県,おしゃかこごり,「おしゃかこごり」とは、4月8日の釈迦の誕生日を祝う「灌仏会」（花祭り）の行事...
538,山梨県,おばく,「おばく（お麦・御麦）」は、大麦の皮を剥いた丸麦を一晩水に浸し、じゃがいも、...
539,山梨県,うらじろまんじゅう,「うらじろまんじゅう」とは、日当たりの良い山地に生息するキク科ヤマボクチ属の...
540,山梨県,かつ丼,山梨で「かつ丼」を注文すると、ご飯の上に千切りのキャベツがのり、その上に揚げ...
541,山梨県,茂倉瓜の冷や汁,「茂倉瓜の冷や汁」とは、標高800mの南アルプスの麓にある早川町茂倉地域で、130...
542,山梨県,じゃがいもとひじきの煮物,富士山信仰で訪れる信者に対して、宿を提供し、もてなす役目の御師が、富士山山開...
543,山梨県,月の雫,「月の雫」とは、山梨県のぶどうを代表する品種「甲州ぶどう」の粒に、砂糖を練り...
544,山梨県,馬刺し,山梨は甲斐国と呼ばれていた律令制の時代から貢馬の国として知られ、「甲斐の黒駒...
545,山梨県,夕顔のみそ汁,夕顔は富士北麓地域の夏の風物詩で「夕顔のみそ汁」が頻繁に食卓に上がる。一般的...
546,山梨県,生湯葉,「生湯葉」は大豆を煮て粉砕し、布でしぼってつくった豆乳を煮立て、その表面にで...
547,山梨県,しょうゆの実,「しょうゆの実」とは芦安（あしやす）地域で古くから伝わる大豆と麹を発酵させて...
548,山梨県,いのぶた鍋,山梨県は8割を森林が占め、狩猟によりジビエ料理なども食べられてきた。特に笛吹川...
549,長野県,いもなます,「いもなます」は、飯山市周辺に伝わるじゃがいもを使った郷土料理。「なます」は...
550,長野県,鯉こく,長野県東部に位置する佐久市は、二毛作の難しい佐久平で、水田を利用したコイの養...
551,長野県,塩いかの酢の物,長野県は海から遠いため、海産物は水揚げされた地域で加工され、「塩の道」を通っ...
552,長野県,手打ちそば,長野県といえば「信州そば」というほど、そばは代表的な郷土料理。冷涼な気候で、...
553,長野県,こねつけ,戦国武将、真田幸村が出陣前に腹ごしらえのために食したとされる「こねつけ」。こ...
554,長野県,たけのこ汁,「たけのこ汁」は、根曲がり竹を使った味噌汁で、北信地域と新潟県上越地域で食べ...
555,長野県,天寄せ,諏訪地域の寒天製造業は、低温な気候と安定した天気に恵まれ、他の地域よりも長く...
556,長野県,にらせんべい,山に囲まれた北信地域の山間部は、急傾斜の畑が多く、水田はわずかで、米の代わり...
557,長野県,のたもち,「のたもち」は、諏訪地域と上伊那地域で食べられている郷土料理。のた餅の「のた...
558,長野県,やたら,「やたら」とは、野菜や漬物を細かく刻んで混ぜ合わせたもので、夏野菜のふりかけ...
559,長野県,えごの酢味噌あえ,「えご」は「エゴ草」という海藻を煮溶かして固めたもので、新潟県などにも伝わる...
560,長野県,おしぼりうどん,埴科郡坂城町周辺に伝わる「おしぼりうどん」は、辛味大根をすりおろして、おろし...
561,長野県,具だくさん味噌汁,「具だくさん味噌汁」は、旬の野菜、肉、魚などがたくさん入った具だくさんの汁物...
562,長野県,鮭の粕煮,日本では、新年に歳神様を迎える準備として、大晦日に歳取りのごちそうをつくる風...
563,長野県,凍み大根のお田植えの煮物,「凍み大根」は、冬の寒さを利用してつくる保存食のひとつで、大根を野外の寒風に...
564,長野県,しょうゆ豆／しょうゆの実,「しょうゆ豆」は、「しょうゆの実」とも呼ばれ、北信・中信地域に伝わっている蒸...
565,長野県,半ごろし,「半ごろし」とは、長野県では「ぼたもち」「おはぎ」のことをいい、炊いたもち米...
566,長野県,ひたし豆,北部の西山地域の土壌は、大豆の生産に向いていることで、以前から麦類や豆類の栽...
567,長野県,干しかぼちゃのえごま和え,「谷の都」とも言われる鬼無里（きなさ）地域には、野菜を干して保存する食文化が...
568,長野県,たなばたほうとう,西に北アルプス、東に美ヶ原高原が望める松本市は、長野県のほぼ真ん中に位置する...
569,長野県,すんき漬け,山深い木曽地域は古くから独自の食文化が根付いており、そのひとつに赤かぶの葉を...
570,長野県,五平餅,五平餅は、半搗き（はんつき）にしたうるち米を串に刺し、味噌や醤油ベースのタレ...
571,長野県,おやき,「おやき」は、小麦粉と蕎麦粉を水または湯で溶いて練り、薄くのばした皮にあんや...
572,長野県,野沢菜漬,寒さが厳しい県内は、冬になると田畑から青ものはひとつもとれなくなるため、晩秋...
573,長野県,ほう葉巻,「ほう葉巻き」は、米の粉に熱湯を入れてよくこね、中にあんを入れて、ほうの葉で...
574,長野県,小鮒の甘露煮,県の東部に位置する佐久市は、群馬県との境に位置し、田んぼで淡水魚のフナやコイ...
575,長野県,笹ずし,「笹ずし」は、笹の上に酢飯を敷いてその上に具材をのせたもので、飯山市及び新潟...
576,長野県,やしょうま,北部を中心とする地域では、2月15日は釈迦の亡くなった涅槃会（ねはんえ）の日とし...
577,長野県,いなごの佃煮,南信地域の伊那谷には、古くから昆虫食文化が根付いており、いなご、蜂の子、かい...
578,岐阜県,朴葉ずし,朴の木の葉で酢飯を包んだ初夏の風物詩的な料理で、田植えなど農休みの御馳走として...
579,岐阜県,鶏ちゃん,地域や家庭によって味付けはさまざまだが、鶏肉と野菜に特製のたれを絡めて炒めたもの...
580,岐阜県,からすみ,江戸末期ごろ、東濃地域で桃の節句に作られるようになったと伝えられている「からすみ」...
581,岐阜県,鮎ぞうすい,素焼きでこんがりと香ばしく焼かれた鮎をご飯とだしでさっと煮た「鮎ぞうすい」。昔は...
582,岐阜県,へぼ飯,へぼ（クロスズメバチ、地蜂とも呼ぶ、地中の中に巣をつくる体長2センチほどの蜂）の...
583,岐阜県,みょうがぼち,「みょうがぼち」は、そら豆で作ったあんを小麦粉で作った皮でくるみ、みょうがの葉で...
584,岐阜県,鮎なれずし,鮎の保存食として作られてきた「鮎なれずし」は、塩漬けした鮎の腹に、炊き立ての...
585,岐阜県,五平餅,米をつぶしたものを串に巻きつけ、たれをつけて焼いた郷土料理。主に、長野県の木曽...
586,岐阜県,鮒味噌,素焼きした鮒（ふな）に味噌、ざらめ、大豆などを加えて煮こんだ「鮒味噌」。県内では...
587,岐阜県,朴葉味噌,朴葉の上に、自家製のこうじ味噌を乗せて焼いた料理。ご飯によく合うほか、酒の肴として...
588,岐阜県,大歳のごっつぉ,12月31日の大みそかから正月三が日まで岐阜県の広い範囲で食されている「大歳のごっ...
589,岐阜県,ねずし,「ねずし」は、飛騨地域を中心に古くからお正月料理として振る舞われてきたなれずしの...
590,岐阜県,もろこずし,「もろこずし」とは、寿司箱に酢飯を敷き詰め、その上に甘辛く煮た「もろこ」を並べ...
591,岐阜県,いももち,「いももち」は、北海道、和歌山県、高知県などでも郷土料理として名が挙がるが...
592,岐阜県,みそぎだんご,米粉の生地であんを包んだ団子を串に刺し、味噌と砂糖を合わせたたれをつけて焼いた...
593,岐阜県,すったて汁,「すったて汁」は、茹でた大豆をすり鉢や石臼などですりつぶした「すったて」に...
594,岐阜県,栗きんとん,「栗きんとん」と聞くと、一般的におせち料理を思い浮かべるが、東濃地区を中心とし...
595,岐阜県,水まんじゅう,「水まんじゅう」は、くず粉とわらび粉で作られた生地であんを包み、井戸水で冷やした...
596,岐阜県,煮たくもじ,水にさらして塩抜きした、菜っ葉の漬物を煮たもの。春になり酸っぱくなった漬物を...
597,岐阜県,赤かぶ漬け,山深く、冬には雪に閉ざされてしまう飛騨地域の貴重な食料だった漬物。大根やかぶ、...
598,岐阜県,柿なます,「柿なます」は、大根と人参で作る酢の物に、干し柿を加えた郷土料理。地域によっては...
599,岐阜県,赤だつの酢ぶて,里芋の葉柄部（ずいき）を、合わせ酢で和えた料理。「だつ」とは「ずいき」のことで、...
600,岐阜県,千石豆のかきまわし,岐阜市南部地域で明治時代より栽培されている「千石豆」は、ふじまめのことで、さやの...
601,岐阜県,つぎ汁,明宝寒水（かのみず）地区の郷土料理「つぎ汁」は、ここでしか味わうことのできない...
602,岐阜県,初午だんご,明治から昭和初期にかけて、自給自足だった暮らしの中で盛んに行われた養蚕。貴重な現...
603,岐阜県,漬物味噌煮,塩気の強い豆味噌「郡上味噌」と、煮干しだしの鍋に、白菜の切り漬けを入れ煮込んだ...
604,岐阜県,寒干大根煮,飛騨市の特産品である「寒干大根」をだし汁や醤油で煮込んだ料理。「寒干大根煮」の...
605,岐阜県,桑の木豆煮,「桑の木豆煮」は山県市の北部、美山地域で栽培され食べられてきた「桑の木豆」を...
606,岐阜県,こも豆腐,わらを編んで作ったむしろ「こも」で豆腐を包み茹でたものが「こも豆腐」。スが立つ...
607,岐阜県,鮎の塩焼,木曽川、長良川、揖斐川をはじめ清流が多い岐阜県では、毎年6月頃から10月頃にかけて...
608,静岡県,黒はんぺんフライ,黒はんぺんは、鯖、鰺、鰯などをすり身にして茹でた物であり、形は半円形で色は灰色の...
609,静岡県,がわ,全国屈指のカツオの漁獲量を誇る静岡県（※）。中でも静岡県最南端に位置する御前崎港...
610,静岡県,山葵漬け,山葵漬けは、わさびの刻んだ葉や茎、根を酒粕に漬けた料理。わさびの発祥は、慶長年間...
611,静岡県,とろろ汁,「とろろ汁」は自然薯をすりおろし、だし汁と味噌で割ったもので、麦飯にかけて食べる...
612,静岡県,水かけ菜の漬物,御殿場市と小山町は、冬寒く夏涼しい準高冷地域である。この辺りでは、富士山の雪どけ...
613,静岡県,イルカの味噌煮,静岡県におけるイルカ漁は、伊豆地方を中心に行われてきた。伊豆半島沖の湾がイルカの...
614,静岡県,染飯,染飯は「瀬戸の染飯」と言われ、旧東海道の上青島村瀬戸町（現在の藤枝市）の茶屋で...
615,静岡県,鯖の箱寿司,伊豆地域で祭りなどのハレの日に作られる郷土料理。元々は漁師飯のため、地元で捕れた...
616,静岡県,御厨そば,御殿場市の御厨地域の郷土料理。この地域はそばや麦を多く栽培していたため、農家が...
617,静岡県,ぼくめし,県内の主な養殖ウナギの産地は、浜名湖周辺と大井川流域の2カ所があり、吉田町は...
618,静岡県,げんなり寿司,稲取のキンメダイの漁は明治時代から始まっている。この地区に伝わるハレの日の料理は...
619,静岡県,ところてん,伊豆半島はところてんの原料となる天草の日本一の産地（※）である。約1600年前から...
620,静岡県,沖あがり,国内で桜エビが水揚げされるのは駿河湾だけ(※)であり、静岡市の由比港と焼津市の大井...
621,静岡県,おざく,おざくは、里芋、大根、にんじんなどの野菜をだし汁と醤油、砂糖で煮た野菜の汁物...
622,静岡県,金山寺味噌,金山寺味噌は、穀物を発酵させて作られた発酵食品で、冬瓜、なす、しその実、生姜等...
623,静岡県,静岡おでん,静岡おでんは、牛すじ、黒はんぺん、練り物、大根、卵など具材を全て串に刺し、色の...
624,静岡県,金目の煮付け,静岡県伊豆半島は金目鯛の産地であり、下田港は金目鯛の水揚げが日本一の漁港である。...
625,静岡県,安倍川もち,つきたての餅に砂糖を入れたきな粉をまぶしたもので、静岡市を中心とした中部地域の...
626,静岡県,切り干しいも,干し芋は静岡県が発祥と言われる。江戸時代、御前崎沖で遭難した薩摩の船を大澤権右衛門...
627,静岡県,筍のアラメ煮,筍のアラメ煮は、タケノコとアラメを一緒に煮た煮ものであり、中部地域を中心にした...
628,静岡県,落花生なます,正月のおせち料理に欠かせない「紅白なます」は、酢と砂糖で味付けされた甘酸っぱい...
629,静岡県,折戸なすの田楽,折戸なすは静岡市清水区三保の在来種で丸い形と鋭いトゲ、色は深く黒みがかかった...
630,静岡県,生しらす丼,しらすはカタクチイワシやマイワシの生後約1～2か月の稚魚のことであり、静岡県の...
631,静岡県,まご茶漬け,まご茶漬けは、もともと漁の最中に船上で食べられていた漁師めしであり、伊豆半島全域...
632,静岡県,なまり節と白玉葱のサラダ,なまり節はかつお節になる一歩手前の段階のもので柔らかく、刺身のように薄く切って...
633,静岡県,たまごふわふわ,「たまごふわふわ」は江戸時代に袋井宿で提供されていた料理で、袋井市観光協会が地元...
634,静岡県,へそもち,旧暦8月15日の十五夜、あるいは旧暦9月13日の十三夜のお月見の際にお供えされる月見団...
635,静岡県,サクラエビのかき揚げ,国内で水揚げされるサクラエビの全ては駿河湾産である。水深400～600メートルの海中...
636,愛知県,あらめと落花生の煮付,渥美半島は、北は三河湾、南に太平洋に面し、海と山の自然に恵まれた地域である。沖...
637,愛知県,ふろふき大根,愛知県は太平洋を流れる黒潮の影響もあり、年間を通して温暖な気候に恵まれる。また...
638,愛知県,十六ささげのごま味噌和え,十六ささげは愛知県の伝統野菜で、さやに16個の豆が入っていることから、その名が...
639,愛知県,れんこんの煮物,れんこんの栽培は、江戸時代に愛知県愛西市にある寺の住職が門前の田へ植え付けたの...
640,愛知県,きしめん,厚さ1mm、幅7から8mmほどの平たいうどんを「きしめん」という。県内全域で食...
641,愛知県,ふきの煮付け,ふきは北海道から沖縄まで、全国の野山で自生しており、平安時代から食べられていた...
642,愛知県,たこ飯,「たこ飯」は、漁師が釣ったタコを船の上でぶつ切りにし、米と一緒に炊きこんだ、い...
643,愛知県,鬼まんじゅう,「鬼まんじゅう」は、戦中、戦後の食糧難の時代に、比較的手軽に手に入ったさつまい...
644,愛知県,じょじょきり,渥美半島は、愛知県の東側に位置する半島で、北に三河湾、南は太平洋に面し、海と山...
645,愛知県,かりもりの粕漬け,かりもりおよび早生かりもりは明治時代から濃尾平野で栽培されている漬物用の白瓜の...
646,愛知県,酢味噌そうめん,八丁味噌に代表される豆味噌（赤味噌）は愛知県の食で欠かせない調味料。豆味噌は、...
647,愛知県,へぼ飯,「へぼ」とは、クロスズメバチをはじめとする地蜂の幼虫のことで、いわゆる蜂の子で...
648,愛知県,いがまんじゅう,「おしもん（おこしもん）」は、米粉を熱湯で練って型にはめ、取り出したものに色粉...
649,愛知県,はぜ佃煮,愛知県の知多半島、渥美半島に挟まれた三河湾は、遠浅が長く続き、六条潟や汐川干潟...
650,愛知県,煮味噌,愛知県の食で欠かせないのが、八丁味噌に代表される豆味噌（赤味噌）。大豆を原料に...
651,愛知県,串あさり,愛知県は、全国1位のアサリ漁獲量を誇る。中でも西尾市、蒲郡市の漁獲量が圧倒的に...
652,愛知県,とうがん汁,愛知県は、とうがんの出荷量が沖縄に次ぐ全国第2位で、とうがん料理も広く浸透して...
653,愛知県,五平餅,「五平餅」は愛知県・奥三河地域のほか、長野県・木曽、伊那地域、岐阜県・飛騨地域...
654,愛知県,あぶらげずし/いなりずし,「あぶらげずし（いなりずし）」の由来は諸説あるが、お稲荷さんにお供えしてあった...
655,愛知県,かきまわし／とりめし,古くから愛知県では、かしわ（とり肉）を使った料理が好まれてきた。愛知県における...
656,愛知県,黄いないおこわ,端午の節句の料理といえば、「ちまき」や「柏餅」が代表的であるが、愛知県ではこれ...
657,愛知県,ふな味噌,「ふな味噌」は、木曽三川（濃尾平野を流れる木曽川、長良川、揖斐川の三つの川の総...
658,愛知県,味噌おでん,愛知県の食に欠かせないのが、八丁味噌に代表される豆味噌（赤味噌）。大豆を原料に...
659,愛知県,箱ずし,四角い木枠の中にすし飯をつめ、その上に具材をのせて、上から押してつくる「箱ずし...
660,愛知県,味噌煮込みうどん,「味噌煮込みうどん」は、「きしめん」と並び愛知県の代表的な麺料理の一つ。八丁味...
661,愛知県,もろこずし,細い川が四方八方に流れる尾張地域の水郷地帯では、フナやナマズ、ボラなどの川魚を...
662,愛知県,おしもん/おこしもん,「おしもん」は、米粉を熱湯で練って型にはめ、取り出したものに色粉をつけて彩る、...
663,愛知県,味噌田楽,豆腐は、奈良・平安時代には既に中国から伝わっていたとされ、精進料理の中の貴重な...
664,愛知県,かしわのひきずり,愛知県では、かしわ（とり肉）を使った料理が好まれてきた。愛知県における養鶏は江...
665,愛知県,雑煮,日本各地で、その内容に特色が現れる「雑煮」。出汁の素材や味、中に入れる具材、も...
666,三重県,てこねずし,漁師が船上でとれた魚をその場でさばいて、手で混ぜあわせたことから「てこねずし...
667,三重県,あらめ巻き,三重県には、サガラメ（アラメ）、アカモク、ヒジキ、アオノリ（スジアオノリ）、...
668,三重県,伊勢うどん,伊勢食文化圏では、昔から伸ばす手間をかけずに腰の無い太いう...
669,三重県,あいまぜ,材料をそれぞれ別に煮て味付けをし、合わせて混ぜることから「あいまぜ」という名...
670,三重県,こけらずし,東紀州地域では人寄せ事やおめでたい時に、型に入れて押し固める「押しずし」がよ...
671,三重県,さんまずし,熊野市有馬町にある産田神社では、子どもに中骨がついたままの「さんまずし」など...
672,三重県,ふき俵,三重県では、伊賀米・結びの神などの米が栽培されている。多くの地域...
673,三重県,盆汁,江戸時代（1813年）に出された松阪の年中行事や風習などを記録した「松坂風俗記」...
674,三重県,いばら餅,「いばら餅」は、サルトリイバラの葉で包んだ餅のことである。5月の節句の時期に食...
675,三重県,さめなます,サメは古代には「ワニ」や「フカ」と呼ばれ、神話や木簡、文献に見られるように、...
676,三重県,魚のじふ／魚のすき焼き,一般的に、魚すきとか沖すきとか呼ばれ、魚介類や野菜その他多くの種類の材料を薄...
677,三重県,茶粥,明治時代の百科事典である古事類苑によれば、聖武天皇の時代から食べられており、...
678,三重県,豆腐でんがく,山々に囲まれた盆地である伊賀地域では、魚介類の入りにくい時代があり、豆を加工...
679,三重県,なれずし,「なれずし」は、古来のすしのことで、塩漬けした魚と米を漬け込み乳酸発酵させた...
680,三重県,のっぺい,全国的にも有名な郷土料理のひとつである「のっぺい」は、のっぺい汁、のっぺ、ぬ...
681,三重県,あほだき,大根は古くから食べられており、すでに日本最古の文書「古事記」や「日本書紀」に...
682,三重県,いわしずし,三重県の魚種別漁獲量はイセエビが全国1位、カタクチイワシが2位、イワシ類が6位と...
683,三重県,かきまぜ,一般に言う五目ずし（混ぜずし）のことで、東紀州地域南部独特の料理であり、別名...
684,三重県,ガラガラおろし,「ガラガラおろし」は、竹でできた専用の鬼おろし器を使ってつくる三重の郷土料理...
685,三重県,きゅうりの冷や汁,伊賀地域では夏場は盆地特有の蒸し暑さが増して食欲がなくなるので、暑い夏を乗り...
686,三重県,こうなごのくぎ煮,春を告げる魚と言われるコウナゴは、イカナゴの別名。三重県では専らコウナゴと呼...
687,三重県,雑煮,三重県は東と西の文化が混沌としている全国でも特殊な地帯である。畿内を守る伊吹...
688,三重県,たこ飯,わが国でのタコ食用の歴史は古く、三重県においても、カキの貝殻が多く見つかった...
689,三重県,ないしょ餅/なべ餅,餅はおめでたい時の食べ物なので、臼と杵で餅をつくと近所にも配るのが一般的であ...
690,三重県,野菜の漬物,三重県内には、さまざまな野菜の漬物がある。鈴鹿山麓地域をはじめ中南勢・東紀州...
691,三重県,まんぼう酢味噌あえ,志摩地方から南紀にいたる熊野灘沿岸にみられる伝統漁の際に、マンボウが捕獲され...
692,三重県,魚のたたき／なめろう,熊野灘沿岸の志摩地方から東紀州地方の漁師街での背の青い小型鮮魚の食べ方の一種...
693,三重県,ちゃつ,人寄せ事の際につくられる郷土料理。もともと僧堂（そうどう）や仏事でつくられて...
694,三重県,魚の漬物（塩辛）,熊野灘に伊勢湾から真水を大量に含んだ内湾の流れが合流するそこはプランクトンが...
695,三重県,落花生の煮豆,東紀州地域南部や中南勢地域では日照が多く、平均気温も高いので落花生の生育に適...
696,滋賀県,いさざ豆,「いさざ豆」は、琵琶湖の固有種でハゼの一種であるイサザと大豆を合わせて佃煮に...
697,滋賀県,ごりの佃煮,「ごりの佃煮」とは、琵琶湖に生息する小魚であるゴリを佃煮にした料理である。ま...
698,滋賀県,いとこ煮,「いとこ煮」とは、小豆を里芋またはかぼちゃと煮た料理である。また、湖北地域を...
699,滋賀県,ふなずし,なれずしは、古来のすしの一つで、塩漬けした魚と米を漬け込み発酵させたものであ...
700,滋賀県,あめのいおご飯,「あめのいおご飯」は琵琶湖の固有種であるビワマスを使った炊き込みご飯で、「あ...
701,滋賀県,小あゆの山椒煮,「小あゆの山椒煮」は、5月から8月上旬にとれる琵琶湖の特産である小アユを甘辛く...
702,滋賀県,丁稚羊羹,「丁稚羊羹」は、小豆、砂糖でつくった餡に小麦粉（あるいは上新粉）を混ぜ蒸して...
703,滋賀県,じゅんじゅん,「じゅんじゅん」とは、牛肉、鶏肉や湖魚などをすき焼き風に味付けをした鍋料理の...
704,滋賀県,赤こんにゃく煮,「赤こんにゃく煮」は、滋賀県の特産品である赤こんにゃくを使った煮物である。 ...
705,滋賀県,しじみ汁,「しじみ汁」はセタシジミを使った滋賀県の郷土料理である。 日本には3種類の在来...
706,滋賀県,えび豆,「えび豆」は、琵琶湖でとれるスジエビを大豆と一緒に甘辛く煮た滋賀県の郷土料理...
707,滋賀県,鯖そうめん,「鯖そうめん」は、焼きサバを煮こんで、そうめんにからめる滋賀県の湖北地域を中...
708,滋賀県,丁字麩のからしあえ,「丁字麩のからしあえ」は、滋賀県のご当地麩である丁子麩を使った定番の郷土料理...
709,滋賀県,日野菜漬け,「日野菜漬け」は、滋賀県の伝統野菜を使用した漬物のことで、平成10年（1998年）...
710,滋賀県,打ち豆汁,「打ち豆汁」とは、かぶや大根、里芋などと一緒に打ち豆を煮て、味噌汁にした料理...
711,滋賀県,湖魚の天ぷら,「湖魚の天ぷら」は、琵琶湖でとれる小アユ、イサザ、ワカサギなどの魚を使った滋...
712,滋賀県,幸福豆,「幸福豆」は滋賀県を代表する昔ながらの「大豆をつかったお菓子」である。農家で...
713,滋賀県,鯖の棒ずし,「鯖の棒ずし」は、お祭りのご馳走として定番の郷土料理である。「鯖の棒ずし」以...
714,滋賀県,ぜいたく煮,「ぜいたく煮」は、漬物の「たくあん」を水に漬け塩を抜き、それを煮ものにした郷...
715,滋賀県,豆腐田楽,滋賀県は人口あたりの寺院数が多く、信仰深い風土があり、豆腐を使う精進料理がよ...
716,滋賀県,泥亀汁,「どんがめじる」または「どろがめじる」ともいう。「泥亀汁」は、五個荘地区の近...
717,滋賀県,おあえ団子,「おあえ団子」は、人参、しいたけ、青菜を入れた白和えに、米粉でつくった団子を...
718,滋賀県,近江牛の味噌漬,「近江牛の味噌漬」は、近江牛を白味噌に漬け込み、数日寝かせてから焼いて食べる...
719,滋賀県,くるみごぼう,「くるみごぼう」は、枝豆でつくった餡とごぼうを和えた料理で、滋賀県甲賀市信楽...
720,滋賀県,しょいめし,「しょいめし」とは醤油を使って炊いた、高島市新旭地域に伝わる伝統料理である。 ...
721,滋賀県,白菜のたたみ漬け,白菜の葉を1枚ずつはがして赤唐辛子や昆布と漬けこむ「白菜のたたみ漬け」は、湖...
722,滋賀県,はす魚田,「ハス」は、もとは琵琶湖と三方五湖の固有種で、コイ科には珍しい魚食性の淡水魚...
723,滋賀県,ひとかわすし,「ひとかわすし」は、滋賀県蒲生郡桜川村でよくつくられた人呼びの時の箱寿司であ...
724,滋賀県,ビワマス刺身,琵琶湖にのみ生息している固有種、ビワマスはサケ目サケ科に属する淡水魚。滋賀県...
725,滋賀県,焼きもろこのどろ酢,ホンモロコは、コイ科モロコ属に分類される淡水魚の仲間で、琵琶湖周辺にのみ生息...
726,京都府,黒豆煮,「黒大豆（くろだいず）」は、京丹波町や南丹市などの丹波地域を主な産地とする黒豆...
727,京都府,たけのこの木の芽和え,身が白くて柔らかく、えぐみが少ないことで知られる“京たけのこ”は、孟宗竹（もう...
728,京都府,万願寺とうがらしとじゃこの炊いたん,「万願寺とうがらしとじゃこの炊いたん」は、京のブランド産品の一つである「万願寺...
729,京都府,白味噌の雑煮,日本各地で、その内容に特色が現れる雑煮。出汁の素材や味、中に入れる具材、餅の形...
730,京都府,ばらずし,若狭湾に面する丹後半島では、サバがよくとれ、古くから大衆魚として親しまれていた...
731,京都府,きごしょう,「伏見（ふしみ）とうがらし」は、京都市伏見区付近で栽培されていた京の伝統野菜。...
732,京都府,宇治金時,「宇治茶」は、日本を代表する高級茶。1191年、栄西禅師が宗から持ち帰ってきた...
733,京都府,千枚漬け,「千枚漬け」は、薄切りにした聖護院かぶを塩漬けにした漬物。「すぐき漬け」「しば...
734,京都府,しば漬け,地下水が流れる京都では、古来より各地で野菜の栽培が営まれてきた。これにより、野...
735,京都府,水無月,砂糖や水あめなどを混ぜた生地を木型で成形した「落雁（らくがん）」や高級食材の和...
736,京都府,壬生菜のからし和え,「壬生菜（みぶな）」は、京都市の壬生地区を発祥とする京の伝統野菜である。180...
737,京都府,松茸ごはん,南丹地域の南丹市、中丹地域の綾部市や福知山市では、松茸生産が盛んにおこなわれて...
738,京都府,ふろふき大根,京都ではさまざまな品種の大根が食べられている。中京区の「青味大根」や北区の「辛...
739,京都府,はもの焼き物,ハモは、京料理に欠かせない魚である。暖流の影響をうける海に生息しており、丹後の...
740,京都府,鯛蕪／聖護院かぶと鯛の煮物,聖護院かぶとタイの煮物「鯛蕪」は、京都市で古くから食べられてきた郷土料理である...
741,京都府,へしこ,海の幸が調達できない印象をもたれることも多い京都だが、日本海に面した丹後地域は...
742,京都府,にしん茄子／茄子とにしんの炊いたん,旬と旬の食材同士の組み合わせ、相性の良い食材の組み合わせを京料理の世界では「で...
743,京都府,肉豆腐,「肉豆腐」は、牛肉と豆腐、ねぎを煮たシンプルな料理。ねぎは、京の伝統野菜「九条...
744,京都府,たけのことふき・生節の炊いたん,全国的に見ても特に質が良いとされる京都のたけのこ。京都に伝来したのは、嵯峨天皇...
745,京都府,古老柿なます,古老柿とは、“鶴の子”という渋柿を使ってつくる、宇治田原町特産の干し柿である。...
746,京都府,すぐき漬け,すぐきは京の伝統野菜のかぶらの一種で、独特の酸味を持つのが特徴の一つである。漬...
747,京都府,ずいきの炊いたん,「ずいきの炊いたん」は、里芋の葉柄であるずいきを使った炊いたん（煮物）で、家庭...
748,京都府,えびいもと棒だらの炊いたん,「えびいもと棒だらの炊いたん」は、エビのようなかたちと縞々の模様が特徴である京...
749,京都府,山椒の葉の佃煮,京都府は北部に丹後山地、中央部に丹波山地と1000m弱の低山地帯を擁し、中丹地...
750,京都府,賀茂なすの田楽,京の伝統野菜の中でも人気が高いのが賀茂なすである。直径10cmを超える丸いかた...
751,京都府,おはぎ,日本各地で親しまれている「おはぎ」。小豆の赤色は古くから邪気を払うものとされ、...
752,京都府,納豆餅,納豆発祥の地は日本各地に諸説あるが、京都府もその一つであるといわれている。京都...
753,京都府,きび餅・あわ餅・とち餅,京都府は北部に丹後山地、中央部に丹波山地と1000m弱の低山地帯を擁し、中丹地...
754,京都府,栗ごはん,京都の名産の一つに、丹波地域でとれる「丹波くり」がある。「丹波くり」は品種では...
755,京都府,さばずし,若狭湾では、サバがよくとれ、古くから大衆魚として親しまれていた。冷蔵技術が発達...
756,大阪府,泉州水なすの浅漬,大阪南部に広がる泉州地域を代表するブランド野菜、泉州水なす。これをぬかや漬物調味液…
757,大阪府,じゃこごうこ,地域特産の泉州水なすをぬか床にじっくり漬け込んだ古漬けを塩抜きし、小海老と甘辛く炊…
758,大阪府,ばらずし,穴子やしいたけなどの具を刻み、すし飯に混ぜ込んだ五目ずし。一説によると、ばらずしの…
759,大阪府,鯨のハリハリ鍋,かつて庶民にとって身近な食材だった鯨肉と、古くから関西を中心に栽培されてきた水菜...
760,大阪府,バッテラ,酢飯の上に薄く切った〆鯖と白板昆布を重ねて、木枠で押した押し寿司。江戸の握り寿司...
761,大阪府,ごより豆/じゃこ豆,泉州地域や河内地域で楽しまれてきた日常食で、大豆と干した小魚・えびを一緒に甘辛く...
762,大阪府,白味噌雑煮,白味噌汁に丸餅、綺麗に形を切り整えた大根、人参、里芋などを加えた料理。雑煮の歴史...
763,大阪府,あかねこ,蒸したもち米と小麦粉をついてできたもちに、砂糖ときな粉をまぶしたもの。「半夏生...
764,大阪府,半助豆腐,蒲焼きにした鰻の頭とともに豆腐を煮込んだもの。上方落語「遊山船」にも登場する料理…
765,大阪府,若ごぼうの炒め煮,油揚げと八尾市特産の若ごぼうを炒め煮にした郷土料理。若ごぼうとは、八尾市を中心に…
766,大阪府,鱧皮ザクザク,古くから海運業や商業で栄えた大阪では、鱧（はも）が大量に水揚げされ流通した。夏が…
767,大阪府,くるみ餅,堺の名物として知られる伝統菓子。その名からクルミが使われているものと思ってしまい…
768,大阪府,恵方巻き/巻きずし,節分の日に、その年の縁起の良い方角（恵方）を向き、太い巻き寿司を丸かぶりする風習…
769,大阪府,大阪寿司,大阪で作られる寿司の総称で、押し寿司、巻き寿司、蒸し寿司などがある。東京で寿司…
770,大阪府,たこ焼き,大阪の味といえばまず思い浮かぶのがたこ焼きであろう。鉄板の丸いくぼみに、だしや…
771,大阪府,船場汁,塩鯖のあらと大根を使った潮汁で、船場で古くから家庭料理として親しまれてきた。鯖…
772,大阪府,きつねうどん,昆布とかつおのだしを利かせたつゆをうどんにかけ、その上に甘辛く煮た油揚げをのせ…
773,大阪府,丁稚ようかん,北摂地域の山村では、江戸時代後期に寒天の製造に成功して以降、寒さが厳しい冬の農…
774,大阪府,蓮根餅,蓮根の穴に紅白のもち米を詰めて蒸したもの。穴が開いているため「将来が見通せる」縁…
775,大阪府,お好み焼き,水、卵で溶いた小麦粉の生地に、細かく切ったキャベツや肉、イカなどを入れ、鉄板で平…
776,大阪府,がっちょの唐揚げ,がっちょとは大阪湾でよく獲れる体長10～20cmほどの魚。ネズミゴチやハタタテヌメリ…
777,大阪府,小田巻き蒸し,うどんが入った大きめの茶碗蒸しで、大阪発祥の郷土料理。紡いだ麻糸を丸く巻いたもの…
778,大阪府,どて焼き,牛のすじ肉を味噌やみりんで長時間かけて煮込んだもの。鍋のふちに味噌を土手のように…
779,大阪府,ハモ鍋,ハモは大阪湾に古くから生息しており、近世中期のころには大阪で流通するようになった…
780,大阪府,紅ずいきと油揚げの炊いたん,ずいきとは里芋の葉茎のことで、関西では昔から夏の伝統野菜として親しまれてきた。…
781,大阪府,桜餅,塩漬けした桜の葉でピンク色の餅を巻いた菓子で、春の季語にもなっている。桜餅は全国…
782,大阪府,大阪しろ菜の辛子和え,大阪しろ菜は、山東菜あるいは白菜と、体菜の交雑によってできた品種だといわれている…
783,大阪府,串カツ,牛肉や野菜、魚介類などバラエティ豊かな具材を串に刺してフライにしたもの。揚げたて…
784,大阪府,大阪漬,浅漬けの一種。大根やかぶを刻み、葉茎もともに塩漬けにしたもの。数時間から一晩...
785,大阪府,紅しょうが天,その名の通り、紅しょうがの薄切りに衣をつけて揚げた天ぷらのこと。大阪府、奈良県、…
786,兵庫県,イカナゴのくぎ煮,「イカナゴのくぎ煮」は生のイカナゴの稚魚を醤油、砂糖、ショウガなどで甘辛く煮た…
787,兵庫県,明石焼／玉子焼,「明石焼」は、小麦粉とじん粉、卵とだし汁を混ぜた生地にタコを入れて焼き、つけ汁に…
788,兵庫県,ぼたん鍋,「ぼたん鍋」は、白と赤の合わせみそをベースにしただし汁に猪肉と季節の野菜を入れて…
789,兵庫県,かつめし,「かつめし」は洋食の皿に盛ったご飯の上に平たいビーフカツをのせ、その上にデミ…
790,兵庫県,ちょぼ汁,どろっとしただし汁に、団子とささげ豆、ズイキが入っている「ちょぼ汁」は、江戸時代…
791,兵庫県,姫路おでん,おでんは一般的には辛子を添えて食べるが、姫路おでんは生姜醤油をかけて、あるいは…
792,兵庫県,丹波黒豆ごはん,丹波篠山の黒大豆は、この地方の粘土質で肥沃な土と昼夜の激しい寒暖差のため、粒が…
793,兵庫県,播州手延べそうめん,コシがあり歯切れの良い食感でゆでのびしにくいことが特徴の播州そうめん「揖保乃糸」…
794,兵庫県,ゆで松葉ガニ,ズワイガニは、山陰では「松葉ガニ」、北陸では「越前ガニ」と呼ばれている。松葉ガニ…
795,兵庫県,出石皿そば,出石焼きの白磁の小皿に盛られたそばを徳利に入ったつゆと薬味で何枚も食べる「出石皿…
796,兵庫県,鯖寿司,伝統料理の鯖ずしは酢で締めた塩鯖を使った寿司だが、姿寿司、棒ずし、にぎり寿司と…
797,兵庫県,とふめし,豆腐めしは、「とふめし」と呼ばれ、ゆでた豆腐やニンジン、ゴボウ、鯖の水煮などを…
798,兵庫県,粕汁,「粕汁」は、大根、ニンジン、ゴボウ、こんにゃくなどを日本酒の醸造工程で出る酒粕で…
799,兵庫県,神戸ビーフステーキ,鉄板の上で肉を焼き、塩とこしょうで味付けし、ステーキソースや辛子で食す「神戸ビーフ…
800,兵庫県,山椒の佃煮,山椒は香辛料の一種で、日本料理の味付けに多く使用されている。平安時代に中国から渡来…
801,兵庫県,ハモすき,ハモすきは、ハモと淡路島産タマネギを寄せ鍋風のだしで煮込んだ鍋料理で淡路島の名物…
802,兵庫県,鍛冶屋鍋,日本で最初の金物の町といわれる三木市の起源は約1500年前で、鍛冶の発達と共に優れた…
803,兵庫県,味噌だれ餃子,焼き餃子には酢や醤油、ラー油を合わせたタレをつけて食べるのが一般的だが、神戸では…
804,兵庫県,にくてん,薄くのばした生地に、味付けをしたジャガイモやすじ肉、こんにゃく、キャベツなどをのせ…
805,兵庫県,こけらずし,乾燥させてほぐした鯛、ベラ、トラハゼなどのそぼろを酢飯にのせて押し寿司にした…
806,兵庫県,焼きアナゴ,焼きアナゴは、開いたアナゴを串に刺しタレをつけて焼いた料理。国内でも有数のアナゴ…
807,兵庫県,高野豆腐粉と野菜の煮物,高野豆腐粉は高野豆腐を作る過程で出る粉で、とふ粉とも呼ばれている。とふ粉と刻んだ…
808,兵庫県,さばのじゃう,サバをネギや白菜など季節の野菜や焼き豆腐などと一緒に煮込むすき焼き風の寄せ鍋で、...
809,兵庫県,とろろご飯,山芋をすりおろして、いりこやかつお節のだし汁でのばしたとろろ汁は、消化を助ける…
810,兵庫県,黒豆煮,丹波篠山の黒大豆は、この地方の粘土質で肥沃な土と昼夜の激しい寒暖差のため、粒が…
811,兵庫県,じゃぶ,鶏肉と糸こんにゃく、ネギ、豆腐、タマネギ、ゴボウなどの野菜を煮たおかずで、家庭で…
812,兵庫県,たこめし,兵庫県のタコ類の捕獲量は全国で2位、マダコでは日本一を誇る。淡路島と神戸から赤穂…
813,兵庫県,はたはたの唐あげ,頭と内臓を取り除いた小型のハタハタを丸ごと油で揚げた唐揚げ。ハタハタはうろこが…
814,兵庫県,いびつもち,真ん中に餡を入れた餅をサルトリイバラの葉で包んだもので、全国的には「かしわ餅」…
815,兵庫県,やたら漬け,やたら漬けの名前は、ナスやキュウリ、しその実やミョウガなど、「やたら野菜を使って…
816,奈良県,柿の葉寿司,「柿の葉寿司」は、塩で締めたサバを酢飯と一緒に柿の葉で包んだ押し寿司のことで...
817,奈良県,奈良のっぺ,奈良の郷土料理の一つであるのっぺは、里芋や大根、人参などを使った具だくさん...
818,奈良県,大和の雑煮,奈良では、豆腐、祝だいこん、金時人参、里芋、丸餅などが入った白味噌仕立ての雑...
819,奈良県,茶粥,9世紀初めに弘法大師（空海）が、唐から茶の種子を持ち帰り、宇陀市の仏隆寺で播い...
820,奈良県,奈良茶飯,毎年3月に東大寺でおこなわれる「お水取り」は、1200年以上の歴史があり、その練行...
821,奈良県,いもぼた,「いもぼた」は、里芋が入ったぼた餅のことである。餅米が貴重だったことから、う...
822,奈良県,かしわのすき焼き,関西地方では食用の鶏肉を「かしわ」と呼んでいる。天神さんの守護神が牛であるこ...
823,奈良県,にゅうめん,奈良県桜井市三輪は素麺発祥の地とされており、この地でつくられる素麺は三輪素麺...
824,奈良県,飛鳥鍋,「飛鳥鍋」は、鶏肉、野菜を牛乳とだし汁で煮込んだ奈良県の郷土料理である。 飛...
825,奈良県,半夏生餅／小麦餅／さなぶり餅,夏至から数えて11日目を「半夏生（はんげしょう）」という。奈良盆地では、「半夏...
826,奈良県,葛餅,「葛餅」は、葛粉から作られる透明でプルプルとした舌触りのいい餅である。葛粉の...
827,奈良県,蕨餅,「蕨餅」は、蕨粉に水や砂糖を加えて加熱しながら混ぜ、冷やして固めた和菓子であ...
828,奈良県,かき氷,ふわふわに削られた氷にかけられたシロップは、それぞれのお店で工夫が凝らされて...
829,奈良県,蛸もみうり,「蛸もみうり」とは、小口切りにしたきゅうりを塩で柔らかくなるまでよくもみ、タ...
830,奈良県,さんま寿司,「さんま寿司」は、主に奈良県吉野郡十津川村の郷土料理として伝わっている。また...
831,奈良県,鮎寿司,吉野山地の清流が育む天然のアユは、川の石に付いた藻を食べて育つ。その香りがス...
832,奈良県,奈良和え,「奈良和え」は、奈良の特産品である奈良漬を使用した和え物で、子どもにも人気の...
833,奈良県,柿なます,奈良県では古くから大根と人参を使用した紅白なますに、干し柿を入れた柿なますが...
834,奈良県,でんがら,「でんがら」は、餡を包んだ餅を朴の葉（ほうのは）でくるんだ伝統菓子。東吉野村...
835,奈良県,ふき俵,大和高原地域では、田植えの始まりの日を「さびらき（早苗開）」といい、「ふき俵...
836,奈良県,まなめはり,「まなめはり」は、塩漬けした下北春まなを使用しためはりずしのことである。高菜...
837,奈良県,色ご飯,奈良県では醤油味の炊き込みご飯のことを「色ご飯」いう。 炊き込みご飯の歴史は...
838,奈良県,ずいきの煮もの,「ずいき」とは里芋の葉柄のことで、唐の芋や八つ頭などの赤茎系品種の葉柄は、ア...
839,奈良県,七色お和え,「七色お和え」は、真言宗の盆のお供え料理の一つである。七色とは、なす、かぼち...
840,奈良県,しきしき,「しきしき」は、小麦粉に水と砂糖を入れて薄く焼いた戦前からある奈良のおやつで...
841,奈良県,大和まなと薄揚げの煮もの,「大和まなと薄揚げの煮もの」は、大和の伝統野菜である大和まなを使用した家庭料...
842,奈良県,いたどりの煮もの,「いたどり」はタデ科の多年生草木で、日本各地に自生し、春の山菜として欠かせな...
843,奈良県,あまごの甘露煮,アマゴは体長20cmほど（30cm以上にもなる）の淡水魚でサケ科サツキマスの一種であ...
844,奈良県,生節とねぎの煮もの,海に面していない奈良県では、日持ちのする生節（なまぶし）を使った煮物がよく食...
845,奈良県,エイの煮こごり,赤エイを甘辛く煮つけた料理で、葛城地域などでは定番の郷土料理である。煮るとエ...
846,和歌山県,おかいさん／茶がゆ,和歌山県では、「茶がゆ」のことを親しみを込めて「おかいさん」または「おかゆさ...
847,和歌山県,めはりずし,漁業や林業が盛んな県南部地域で、忙しい漁や山仕事の合間に簡単に食べられるお弁...
848,和歌山県,金山寺味噌,1249年に、由良の高僧である覚心（かくしん・法燈国師）が、修行先の宗（中国）で...
849,和歌山県,尾の身の刺身,高緯度海域で餌を食べて太ったクジラは、夏が終わると繁殖活動に従事するために低...
850,和歌山県,さんまずし,サンマは、10月下旬から3月になると、産卵のために三陸沖から寒流にのって熊野灘に...
851,和歌山県,ごま豆腐,「ごま豆腐」は、弘法大師（空海）が約1200年前に開いた高野山で、厳しい修行の中...
852,和歌山県,なれずし,祭りなど地域の行事食として古くからつくられている。魚を保存するためにごはんの...
853,和歌山県,いがみの煮付け,一般的には「ブダイ」と呼ばれる、県南部地域の代表的な磯魚。夏場は独特の磯臭さ...
854,和歌山県,うつぼ料理／うつぼの佃煮,「海のギャング」との名称をもつウツボは、気性が激しく、上下に鋭い歯をもつ。ど...
855,和歌山県,梅干し,江戸時代、稲作ができないやせ地は年貢が免除される免租地だった。紀州藩田辺領は...
856,和歌山県,柿の葉寿司,紀の川流域の伊都地方は柿の名産地で、特に、九度山町は富有柿、かつらぎ町はたね...
857,和歌山県,かきまでご飯,日高地方では、昔からお祝い事や法事、ひな節句、お祭りなど人が集まる行事で「か...
858,和歌山県,かきまぶり,紀の川平野の東部に位置する那賀地方では、稲作を中心に、柿や桃など、気候風土に...
859,和歌山県,こけら寿司,「こけら寿司」は、すし飯の上に焼いてほぐした魚やしいたけ、人参、卵などをのせ...
860,和歌山県,しらす丼,3月下旬から5月にかけてシラス漁が最盛期を迎える。この時期、和歌山市の友ヶ島か...
861,和歌山県,みかん餅,和歌山県は、全国でも有数のみかん生産量を誇る。特に有田みかんの産地である有田...
862,和歌山県,いのこ餅,農耕の神様として古くから祀られている亥は、旧暦2月の春の亥の子に訪れて田んぼに...
863,和歌山県,いももち,熊野灘沿いの地域では、海沿いに少しの平野が開け、その背後にはすぐ山が迫ってい...
864,和歌山県,うずみ,「うずみ」は、しいたけや昆布でだしをとったすまし汁に、豆腐やしいたけの具を入...
865,和歌山県,豆ごはん,和歌山県は全国有数のえんどう産地で、印南町、日高川町、みなべ町、御坊市、美浜...
866,和歌山県,ゴンバチの油炒め,「ごんばち」は、正式には「イタドリ」というタデ科の植物で、春になると山に自生...
867,和歌山県,しょうが飯,和歌山市の河西や布引など、紀の川沿いに広がる柔らかい砂地地帯では、温暖な気候...
868,和歌山県,太刀魚料理／太刀魚寿司,和歌山県内の各地で漁獲される太刀魚。中でも、有田市の箕島漁港が面する紀伊水道...
869,和歌山県,はたごんぼずし,「はたごんぼ」は、標高552mの国城山の中腹に位置する橋本市西畑地区で栽培される...
870,和歌山県,ぼうり,後醍醐天皇の皇子であり、大塔宮（おおとうのみや）とも呼ばれる護良親王（もりな...
871,和歌山県,わかめずし,日ノ御埼から和歌山市の沿岸部は、海産物が豊富にとれる紀伊水道に面している。平...
872,和歌山県,わさびずし,有田地方では、昔から田植えや、お盆、秋祭りなど、季節の行事として欠かせないす...
873,鳥取県,いぎす,「いぎす」はえごのりとも呼ばれるいぎす草を使った料理。飛鳥・奈良時代には、す...
874,鳥取県,いただき,大きな油揚げの中に生の米・野菜を詰めて、だし汁でじっくり炊き上げた古くから伝...
875,鳥取県,小豆雑煮,お正月の雑煮は地方色豊かで、全国各地ではいろいろな雑煮が食べられているが、鳥...
876,鳥取県,大山おこわ,「大山おこわ」は大山山麓の食材を使用した醤油味のおこわで、西部地域の郷土料理...
877,鳥取県,柿の葉寿司,鳥取県智頭町に古くから伝わる郷土料理の「柿の葉寿司」は、盆や祭りのおもてなし...
878,鳥取県,どんどろけ飯,豆腐や地元産の野菜を入れた炊き込みごはんのことを鳥取県東部から中部地域にかけ...
879,鳥取県,らっきょう漬け,鳥取県でのらっきょうの栽培は古く、江戸時代まで遡り、参勤交代のとき小石川薬園...
880,鳥取県,とうふちくわ,一般的にちくわといえば、魚肉が普通だが、「とうふちくわ」は全国でも鳥取県中・...
881,鳥取県,いもぼた,「いもぼた」は弓浜半島で古くから伝わるさつまいもを使ったぼたもち。弓浜半島は...
882,鳥取県,こも豆腐,「こも豆腐」はこもにくるまれた素朴な豆腐料理。こもとは、粗く織ったわらのむし...
883,鳥取県,栃餅,「栃餅」につかう栃の実はとてもアクが強いため、そのまま食べると非常に苦く、舌...
884,鳥取県,親ガニのみそ汁,親ガニのみそ汁は、親ガニ（ズワイガニのメス）と大根を使ったシンプルな味噌汁で...
885,鳥取県,アカガレイの子まぶり,「アカガレイの子まぶり」とは、子持ちガレイの卵をカレイの刺身にまぶしたもの。...
886,鳥取県,あごちくわ,普通のちくわの主な原材料は、スケトウダラ・サメ・ホッケなどだが、「あごちくわ...
887,鳥取県,いがい飯,イガイは、三角型のかたちで、貝殻の色は黒褐色、岩礁に着生し、同じイガイ科の貝...
888,鳥取県,スルメの麹漬け,日本海に面している鳥取県は、冬季、北からの寒気により雪が多く積もるため、山間...
889,鳥取県,板わかめ,「板わかめ」は、収穫した生わかめを板状になるように並べて乾燥させた至ってシン...
890,鳥取県,いわし団子,鳥取県の海岸線は、長さが約 130kmあり、その多くが砂浜の海岸。江戸時代から明治...
891,鳥取県,おいり,「おいり」は、残りごはんなどを無駄にしないために家庭でつくられた菓子である。...
892,鳥取県,がんちゃ汁,「がんちゃ汁」は鳥取県のきれいな川でとれる川ガニを使用する。鳥取県ではモクズ...
893,鳥取県,じゃぶ,現在のように肉が簡単に手に入らない時代には、自家用の鶏で料理する貴重なごちそ...
894,鳥取県,そら豆の粉吹き,鳥取県東中部を中心としたそら豆料理。ずっしりと重く甘みのあるそら豆。完熟した...
895,鳥取県,ハタハタ寿司／しろはた寿司,ハタハタの水揚げ港のある鳥取県の賀露地区には、日本海が一望できる丘陵に賀露神...
896,鳥取県,もさえびの刺身,鳥取県で「モサエビ」と呼ばれるエビは、正式名称をクロザコエビという。海水温5℃...
897,鳥取県,焼き鯖の煮付け,東部地域では古くから庶民の味として親しまれてきた。日本海では大量のサバが水揚...
898,鳥取県,呉和え／なすのずんだ和え,「呉和え」は、ゆでた大豆をすり潰した「ご」を衣にして野菜やきのこと和える料理...
899,鳥取県,若桜のおやき,例年5月に初めにおこなわれる「若桜神社大祭」は約400年の歴史があり、2年に1度の5...
900,島根県,干し大根の煮しめ,島根県では、乾物づくりや保存食づくりが脈々と受け継がれている。特に秋から冬にか...
901,島根県,隠岐アラメの炒め煮,海に囲まれた隠岐では、わかめやのりといった多彩な海藻類が収穫できる。水深0mか...
902,島根県,角ずし/箱ずし,「角ずし」、「箱ずし」はともに押しずしの1種。その違いは、使う木枠のかたちや大...
903,島根県,うずめ飯,一見、出汁をかけてわさびをそえたお茶漬けのように見えるが、ごはんの下には小さく...
904,島根県,小豆雑煮,甘さをひかえめに煮た小豆に餅を入れた雑煮。元旦には、岩のりの入った「すまし雑煮...
905,島根県,たけのこ山椒煮,島田地区は、その大部分が山に囲まれ、米を十分に収穫できない地域だった。そういっ...
906,島根県,柿なます,島根県の柿といえば、県内全域で生産されている西条柿がその代表格である。日本海の...
907,島根県,ばくだんおにぎり,隠岐の島は、島根県の北東にある諸島で、4つの主島と180余りの小島で構成されて...
908,島根県,くじらご飯,島根県の西部にあたり、日本海に面する浜田市と益田市。両市に大田市を含めた“石見...
909,島根県,黒田せりとほうれんそうのおひたし,黒田せりは、江戸時代から伝わる島根県松江市の郷土野菜。「黒田」は、旧地名の黒田...
910,島根県,うなぎ豆腐,宝暦6年（1756年）、松江市・安来市に接する中海（なかうみ）で、突如うなぎが...
911,島根県,スズキの奉書焼き,島根県北東部に位置する宍道湖（しんじこ）は、約1万年前に形成されたといわれる。...
912,島根県,白魚のかき揚げ,白魚は淡水と海水が混ざりあう汽水湖の宍道湖（しんじこ）でとれる代表的な魚「宍道...
913,島根県,鯉の糸造り,島根県と鳥取県にまたがる中海（なかうみ）と連結する淡水と海水が混ざりあう汽水湖...
914,島根県,赤貝がらん蒸し／赤貝の殻蒸し,海水と淡水の中間の塩分をもつ水を湛えた湖沼を「汽水湖」と呼ぶ。国内には18の汽...
915,島根県,アゴの子旨煮,島根県の県魚でもあるトビウオは、5月中旬以降に回遊してくるため、地元民の間では...
916,島根県,ドジョウのけんちんじる,安来市に古くから伝わる民謡「安来節（やすぎぶし）」。ざるを手にしてユーモラスな...
917,島根県,ふきのとう味噌,春の味覚としてお馴染みのふきのとう。清らかな水と肥沃な大地に恵まれた島根県でも...
918,島根県,つみれ煮,島根県は海岸線の長さが1.028kmと長く、全国で10番目の長さを誇る。その沖...
919,島根県,すもじ,サバの年間漁獲量が全国トップクラスを誇る島根県。日本海の冷たい荒波によって脂が...
920,島根県,出雲そば,出雲地方を代表するそば。岩手県の「わんこそば」、長野県の「戸隠そば」と並び、日...
921,島根県,さざえ飯,暖流の対馬海流と寒流のリマン海流がぶつかる隠岐の島周辺の海域は、プランクトンや...
922,島根県,トビウオの刺身,トビウオの漁獲量が多い島根県。地元民からは「アゴ」の名で親しまれている。日本国...
923,島根県,かしわ餅,島根県全域で端午の節句の時期になるとつくり、子どものおやつとしても親しまれてい...
924,島根県,しじみ汁,島根県東部の斐伊川（ひいかわ）最下流に位置する宍道湖（しんじこ）は全国で7番目...
925,島根県,へか,日本海に面し、古くから漁業が営まれている島根県の郷土料理。「へか鍋」という鉄製...
926,島根県,すまし雑煮,醤油仕立てのすまし汁風のつゆに丸い餅を出汁に入れて食べられている雑煮。具は地域...
927,島根県,笹巻き,練った米粉を熊笹で巻いてゆでたもの。旧暦・端午の節句の伝統食として根づいている...
928,岡山県,まつりずし,まつりずしは、「岡山ばらずし」「備前ばら寿司」とも呼ばれ、備前岡山地方では...
929,岡山県,さばずし,山深い岡山県北部は、魚料理が意外と多く伝承されている。さばずしは、主に岡山県の...
930,岡山県,ママカリの酢漬け,岡山県の郷土料理として広く知られるママカリの酢漬け。「ママカリ」は岡山地方の...
931,岡山県,蒜山おこわ,蒜山おこわは、一般に五目おこわと呼ばれる具材のたくさん入ったおこわ。祭りや...
932,岡山県,けんびき焼き,田植えが終わり、梅雨明けを待つ旧暦の6月1日をどこの農家でも仕事を休む節目に...
933,岡山県,とどめせ,「とどめせ」は、炊き込みご飯に酢を混ぜた煮込み寿司。そのいわれは中世鎌倉時代まで...
934,岡山県,さわらのこうこずし,岡山県南東部に位置し、兵庫県と境を接している日生町。古くから伝わる日生小唄に...
935,岡山県,くさぎ菜のかけめし,くさぎ菜とは、山野に自生しているクサギの若芽を採って乾燥させたもの。とてもにおい...
936,岡山県,柚餅子,柚餅子は、柚子やクルミを使用した餅菓子で、携帯食や保存食として発展してきたほか...
937,岡山県,たこめし,岡山県のたこ漁獲量は全国でもトップクラス。瀬戸内海でも特に潮流の早い倉敷市下津井...
938,岡山県,手延べ素麺のばち汁,岡山県の南西部に位置する浅口市鴨方町は、晴れが多い気候や、良質な水、塩、小麦が...
939,岡山県,あみとだいこんの煮付け,「あみとだいこんの煮付け」は、アミ、だいこん、しょうがを、砂糖、酒、醤油で煮込...
940,岡山県,ブリ雑煮,お正月に欠かせない料理である雑煮は、その地域によっていろいろな形が存在する。...
941,岡山県,たかきび団子汁,たかきびは、中国大陸から入ってきたもので、コウリャンの一種。別名「モロコシキビ」...
942,岡山県,けんちんそば,新見市は稲作に不向きな土壌で、古くからそばの栽培が盛んな地域であった。そのそばを...
943,岡山県,いしもちじゃこの唐揚げ,いしもちじゃこは、春から夏にかけて瀬戸内海でとれる小魚。ネブトと呼ぶ地域もあり...
944,岡山県,しし鍋,美作地域は、岡山県の北部に位置した自然豊かな地域で、岡山県内でもイノシシやシカが...
945,岡山県,いいだこの煮つけ,イイダコは、岡山県では南部の倉敷市児島地域にある下津井周辺でよく取られている。...
946,岡山県,ホルモンうどん,新鮮なミックスホルモンをたっぷり入れ、味噌や醤油ベースのたれを絡めてうどんと...
947,岡山県,デミかつ丼,揚げたてのとんかつに、熱々のデミグラスソースをかけた岡山のご当地どんぶり...
948,岡山県,黄ニラのおひたし,黄ニラは岡山県の特産品で、全国生産量の7割を誇る。明治5年ごろに、岡山市の牟佐...
949,岡山県,しその実の佃煮,しその実は、茎からしごいて醤油に入れて香り付けにし、刺身を食べる際に用いられる...
950,岡山県,鮒めし,「鮒めし」の歴史は、児島湾干拓の歴史と共にある。 岡山県の南部地域は、古くから...
951,岡山県,黒豆入りちらしずし,岡山県の北東部に位置する勝英地域（美作市、勝央町、奈義町、西粟倉村）の黒豆は全国...
952,岡山県,そばどじょう鍋,そば粉をどじょうのような形にして食す鍋料理。消化がよく体の温まる料理として､山間地...
953,岡山県,豆腐飯,豆腐飯は精進料理のひとつとして食べられていた料理で、主に商家で仏事の料理とされ...
954,岡山県,ままかりずし,「ままかりずし」は、酢漬けにしたママカリをすしにしたもの。酢飯を丸め、酢漬けした...
955,岡山県,柚子味噌,爽やかな香りが食卓に季節感を加えてくれるゆず。10月頃から収穫がはじまるゆずは...
956,広島県,ワニの刺身,「ワニ」と呼ばれているが、実際食しているものは「サメ」である。「フカ」ともいう。...
957,広島県,うずみ,「うずみ」は、江戸時代に具をご飯の下に埋（うず）めて質素に見せかけて食べたこと...
958,広島県,八寸,「八寸」は安芸門徒（広島県西部地方の浄土真宗門徒）の多い地域で食された、山の幸...
959,広島県,かきの土手鍋,「かきの土手鍋」の名前の由来は三つあり、一つは味噌を鍋の内側に土手のように塗る...
960,広島県,わけぎのぬた,わけぎはユリ科のネギ属に属し、ねぎとエシャロットが交雑してできた品種で、ねぎ...
961,広島県,もぶり,「もぶり」の名前の由来は、広島の方言で「混ぜる、混ぜ込む」を意味する「もぶる」...
962,広島県,お好み焼き,広島のお好み焼は、小麦粉の生地を薄くのばし、キャベツや豚肉、焼きそばなどを山盛...
963,広島県,美酒鍋,美酒鍋は鶏肉、砂ずり、豚肉、野菜を、塩、こしょう、日本酒のシンプルな味付けで...
964,広島県,鯛めし,「鯛めし」は瀬戸内海沿岸地域を中心に食される郷土料理で、鯛を丸ごと釜に入れて...
965,広島県,鯛めん／鯛そうめん,鯛めんは、ゆでそうめんを大皿に波形に盛り、その上に鯛の姿煮を乗せ、木の芽やきゅ...
966,広島県,煮ごめ,小豆、大根、にんじん、干ししいたけ、ごぼう、れんこん、里芋、油揚げ、こんにゃく...
967,広島県,イギス豆腐,「イギス」という海藻と生大豆粉を煮溶かし、寒天のように固めたもので、凝固剤など...
968,広島県,くわいの甘煮,福山市の「くわいの甘煮」はだし汁、砂糖、みりんで味付けする甘めの味が特徴の煮物...
969,広島県,きなこむすび,「きなこむすび」は丸型のおむすびに梅干しや細く切った塩吹き昆布などを入れ、きな...
970,広島県,ねぶとの唐揚げ,「ねぶと」とは主に瀬戸内海で獲れる3～5cmほどの白身の魚で、一般的にはテンジ...
971,広島県,角寿司,四角い木でできた型枠に酢飯と具を詰めて作る押し寿司の一種で、広島県広島市安佐北...
972,広島県,小いわしの刺身,「小いわし」は「カタクチイワシ」のことで、広島県では昔から「小いわし」の名称で...
973,広島県,たこめし,「たこめし」は、たこをご飯に炊きこんだもので、もともと漁師が船の上で取れたての...
974,広島県,あずま,お酢でしめたママカリという魚を使った握り寿司。酢飯のかわりに酢で味付けしたおか...
975,広島県,呉の肉じゃが,一般的な「肉じゃが」といえば、じゃがいも、牛肉、玉ねぎをメインに、にんじんや絹...
976,広島県,えび粉／巻き寿司,「えび粉」はゆでた小さなえび（アカエビ）の殻をむき、包丁で叩いて細かくし、砂糖...
977,広島県,江波巻き,古くからのりの養殖が盛んな広島市中区の江波地区で、昔から食べられているのり巻き...
978,広島県,広島菜漬のおにぎり／広島菜むすび,おにぎりを「広島菜漬け」で巻いたもの。広島菜とはアブラナ科に属する白菜の一種と...
979,広島県,魚飯,「魚飯」は、身を焼いてほぐした白身魚と、錦糸卵、三つ葉、しいたけ、えび、のり、...
980,広島県,大平,大竹市に伝わる煮物で、里芋、れんこん、にんじん、大根、ごぼうなどの根菜類と鶏肉...
981,広島県,煮菜,千切りにした大根を主役に、油揚げ、根深ねぎ、いりこをしょうゆの味付けで炒めたも...
982,広島県,かき雑煮,かき雑煮は、煮干し、昆布、かつおだしのすまし汁に、かき、ぶり、野菜を入れた雑煮...
983,広島県,かき飯,かきの養殖が盛んな江田島市周辺で作られるようになった、かきの旨味をふんだんに楽...
984,広島県,いが餅,もち米や米の粉で作った皮で小豆のあんを包み、鮮やかに彩ったもち米の粒を上に乗せ...
985,広島県,あなご飯,あなごをかば焼きにしたものをそぎ切りにし、だしで炊いたご飯の上に敷き詰めた料理...
986,山口県,ちしゃなます,下関の伝統野菜として、かつては各家庭の庭で自家栽培されていたという「かきちしゃ」...
987,山口県,けんちょう,山口県の郷土料理として県内各地で食されている「けんちょう」は、豆腐とだいこん、...
988,山口県,いとこ煮,山口県内で広く作られてきた「いとこ煮」は、甘く味付けした小豆と白玉粉のだんごを...
989,山口県,わかめむすび,日本海に面した山口県萩市は、真フグを始め、アマダイや瀬つきアジなどの海産物の...
990,山口県,岩国寿司,山口県の東の玄関口として知られる岩国市。吉川藩6万石の城下町として栄えた歴史を...
991,山口県,茶がゆ,山口県外の他地域でも郷土食として根付いている「茶がゆ」は、奈良地方が発祥と言われ...
992,山口県,つしま,山口県の東南部の周南市を始めとする、周南地域に伝わる郷土料理「つしま」。周南市...
993,山口県,大平,岩国地域を代表する料理の一つで、平たく大きな蓋つきの塗り物のわん“大平”に入れて...
994,山口県,のっぺい,「のっぺい」「のっぺい汁」と呼ばれる郷土料理は、日本全国に分布しているが、地方に...
995,山口県,うの花きずし／唐ずし,日本海に面した山口県北部の地域・北浦地区。恵まれた漁場を有し、漁業が人々の生活を...
996,山口県,柏椀,山口県で伝わる「柏椀」は冠婚葬祭などのハレの日に食べられていた郷土料理のひとつ。...
997,山口県,はすのさんばい,山口県の最東部に位置する岩国市は、風光明媚な自然の歴史と文化が残る城下町の趣が...
998,山口県,ぬた,日本全国で食されている「ぬた」は、ねぎと酢味噌をあえたものが一般的だが、地域に...
999,山口県,ごぼう巻き,瀬戸内海と日本海に面する山口県では、古くから海の恩恵を受け、海の幸を使用した加工...
1000,山口県,柏餅,現代では「こどもの日」として祝われる5月5日の「端午の節句」。地域によってちまき...
1001,山口県,ふく刺し,山口県の県魚は、言わずと知れた県を代表する高級魚“ふぐ”。特に有名な漁場は、下関...
1002,山口県,チキンチキンごぼう,学校給食から県内全域に広まり、山口県民のソウルフードとなった料理。一口サイズの...
1003,山口県,ふぐの唐揚げ,山口県の名産品といえば、真っ先に挙げられるのが冬の味覚“ふぐ”だ。ふぐは種類に...
1004,山口県,くじらの南蛮煮,フグ食文化が根付く山口県の下関は、クジラとの関わりも古く、クジラ骨の化石の出土...
1005,山口県,わかめの醤油漬け,海を有する全国の都道府県で養殖されているワカメ。山口県は、全国11位の水揚げ量で...
1006,山口県,ぐべ汁,山口県の萩港から北へ約45km離れた場所に位置する見島は、人口が1000人にも満たない...
1007,山口県,お嫁さん団子汁,練った小麦粉の生地を入れた汁物は、「すいとん」や「団子汁」として、全国に伝わって...
1008,山口県,はすいもの酢の物,東南アジアの熱帯に広く生息するはすいも。日本国内では、高知県や徳島県、沖縄県な...
1009,山口県,うに飯,海産物の宝庫である山口県萩沿岸の地域。甘みが強く濃厚な味わいが特徴のトゲのある...
1010,山口県,外郎,名古屋をはじめ、京都や小田原などが産地として知られる「外郎」。特に、戦後の物資不足...
1011,山口県,かぶ雑煮,お正月料理として欠かせないお雑煮は、地域色が強く、また各家庭により材料や作り方...
1012,山口県,くじらの竜田揚げ,中国地方の北側に面する山陰地方では、「大きなものを食べて大きく年をとる」「大き...
1013,山口県,夏みかん菓子,都道府県を代表する郷土の花を選定する県花。山口県は、長門市大日比が原産の夏みかん...
1014,山口県,筍の味噌煮,春の訪れを感じさせるタケノコは、3月～5月が旬。成長が早くすぐに竹になってしまう...
1015,山口県,瓦そば,山口県を代表するソウルフードで、全国的にも知られている「瓦そば」。熱々の瓦の上に...
1016,徳島県,そば米雑炊／そば米汁,昔、徳島の祖谷（いや）地方は山々に囲まれており、米が育ちにくい気候とされていた...
1017,徳島県,ボウゼの姿寿司,秋祭りの時季、徳島ではさまざまな魚をそのままの形で残して寿司にする「姿寿司」が...
1018,徳島県,祖谷のでこまわし,一口サイズのじゃがいも、そば団子、岩豆腐、丸こんにゃくを串に刺して味噌だれをつけ...
1019,徳島県,半田そうめん,つるぎ町半田地区で作られる「半田そうめん」の歴史は長い。半田で作られ始めた経緯...
1020,徳島県,祖谷そば,三好市の祖谷地域と言えば、そばの名産地。源平合戦に敗れた平家が祖谷に逃れてきた...
1021,徳島県,出世いも,米不足の時代、海陽町を含む県南部では、米のかわりに芋類を食べることが多かった...
1022,徳島県,阿波ういろ,「名古屋ういろう」「山口ういろう」と並び、日本三大ういろうと称される「阿波うい...
1023,徳島県,半ごろし,平成17年、徳島県内の5町村が合併して生まれた那賀町。町の面積の9割を森林が占め...
1024,徳島県,押し寿司,ボウゼの姿寿司やかきまぜ寿司、あめご寿司など、寿司の郷土料理を多く持つ徳島。そ...
1025,徳島県,いり飯／いりこ飯,お酢や醤油で味付けしたちりめんを、ちくわやしいたけ、こんにゃく、ごぼうなどの具...
1026,徳島県,金時豆入りばら寿司,醤油や砂糖で甘めに煮た金時豆と、そのときどきの旬の食材を酢飯に混ぜ合わせて作る...
1027,徳島県,うちがえ雑煮,全国津々浦々で個性豊かな雑煮が作られているが、中でも三好市祖谷地方で作られる「...
1028,徳島県,ならえ,大根、にんじん、油揚げ、ごま、れんこん、干ししいたけ、こんにゃくの7つの食材を...
1029,徳島県,ゆべし,徳島の那賀町では特にゆずの生産が盛ん。降水量が多く、日中と夜の寒暖差が激しい...
1030,徳島県,おみいさん,みそで味付けた雑炊を指す「おみいさん」。その昔、みそを「みい」と呼んでいたこと...
1031,徳島県,茶ごめ,「茶ごめ」は甘い豆入りのごはん。煎ったそら豆とざらめ糖とともに米を炊き上げるた...
1032,徳島県,でんぶ,徳島県では、「ばら寿司」や「豆天玉」など、金時豆を使った郷土料理が多く親しまれ...
1033,徳島県,ゆずかん,徳島の那賀郡那賀町では、「木頭ゆず」と呼ばれるゆずが盛んに生産されている。木頭...
1034,徳島県,伊勢エビの味噌汁,伊勢エビは一般的に高級食材として知られているが、この「伊勢エビの味噌汁」は家庭...
1035,徳島県,いももち,徳島県ではさつまいもが多く栽培されている。全国的にも有名なのが「なると金時」で...
1036,徳島県,島そうめん,徳島県牟岐町で食べられている「島そうめん」は一般的なそうめんとは違い、魚を煮た汁...
1037,徳島県,阿波のいとこ煮,小豆と野菜の煮物を指す「いとこ煮」。かぼちゃなどで作られることが多いが、「阿波...
1038,徳島県,鯛めし,徳島県鳴門市で獲れる「鳴門鯛」は全国でも指折りの高級魚。鳴門海峡の渦潮にもまれて...
1039,徳島県,白味噌雑煮,徳島県の雑煮は個性豊か。たとえば祖谷で食べられている「うちがえ雑煮」は、いりこ...
1040,徳島県,包飯,昔、農村では米が少なく、徳島ではそばの実やそば米で代用した郷土料理が慣れ親しまれ...
1041,徳島県,ずきがし,里芋の一種であるヤツガシラの葉の部分「ずいき」は、徳島の郷土料理でよく使われる...
1042,徳島県,鮎ろうすい,鮎が丸ごと一本入った雑炊を指す「鮎ろうすい」。ろうすいは雑炊がなまった言葉で...
1043,徳島県,あめごのひらら焼き,平たい石を熱して、そのうえで魚や野菜を味噌とともに焼く「ひらら焼き」。平らな石...
1044,徳島県,ほたようかん,「ほたようかん」は蒸しパンのようなお菓子。徳島の方言で、中に空洞ができているこ...
1045,徳島県,はすいもの茎の酢の物,徳島や高知を中心に食べられている「はすいも」は里芋の一種。東南アジアが原産とさ...
1046,香川県,あんもち雑煮,白味噌仕立ての汁に甘いあん入りの丸餅、家族円満の願いを込めて輪切にした大根、...
1047,香川県,しょうゆ豆,乾燥させたそら豆を煎って、熱いうちに醤油、砂糖と唐辛子を混ぜた調味液に漬け込...
1048,香川県,しっぽくうどん,香川県でいう「しっぽくうどん」は、秋から冬にかけてとれる数種類の野菜と油揚げ...
1049,香川県,押し抜きずし,春から初夏にかけて、そら豆に実が入り、麦が熟れはじめると、脂が乗ったサワラが...
1050,香川県,なすそうめん,旬のなすと小豆島特産のそうめんを用いて、唐辛子で味を引き立てた家庭料理で、主...
1051,香川県,まんばのけんちゃん,冬場の香川県の郷土料理の代表的な料理である。まんばは、10月から4月が旬の高菜の...
1052,香川県,いりこ飯,「いりこ飯」は、いりこと呼ばれる煮干しを使った炊き込みごはん。瀬戸内海では、...
1053,香川県,てっぱい,讃岐平野に点在するため池の淡水魚であるフナは鉄砲と呼ばれた。これを三枚におろ...
1054,香川県,アジの三杯,夏、かつては地引き網を引く手伝いをすると、大人でも子どもでも漁師がアジやイワ...
1055,香川県,いもたこ,「いもたこ」は、瀬戸内海でとれる新鮮なタコと里芋を煮付けたシンプルな郷土料理...
1056,香川県,ばらずし,「ばらずし」は、酢飯に季節の野菜などの具を混ぜ合わせたもので、おもにハレの日...
1057,香川県,打ち込み汁,「打ち込み汁」は、農村の冬の寒い日の日常食として、手早くつくる汁物の1つ。いり...
1058,香川県,カンカンずし,「カンカンずし」は、江戸時代から伝わる保存食で、さぬき市鴨部地域で発祥し、さ...
1059,香川県,はげ団子,香川県では、麦を刈る5月から田植えをする6月にかけて農繁期を迎える。半夏生（は...
1060,香川県,うずまきもち,「うずまきもち」は、こしあんを餅で巻いた引田地域の郷土菓子である。引田地域は...
1061,香川県,えびみそ汁,瀬戸内海では、数多くのエビが豊富にとれる。エビの中でも10cm前後までしか成長し...
1062,香川県,かきまぜ,「かきまぜ」は、小豆島の海や山の幸をふんだんに使った郷土料理である。「おまぜ...
1063,香川県,こんにゃくの白あえ,「こんにゃくの白あえ」は、つぶした豆腐やごまでこんにゃくをあえた郷土料理であ...
1064,香川県,こんにゃくのはちはい,こんにゃくを里芋や人参、しいたけなどの具材とともに出汁で煮た郷土料理。名前の...
1065,香川県,さわさわ,「さわさわ」は、こんにゃくを具材にした郷土料理である。汁気が多くさらさらと流...
1066,香川県,島の茶粥,瀬戸内海に浮かぶ塩飽諸島の一つに志々島がある。周囲4kmの小さなこの志々島では、...
1067,香川県,鯛そうめん,「鯛そうめん」は、タイとそうめんをあしらった豪華な大鉢料理で、婚礼のトリを飾...
1068,香川県,たくあんのきんぴら,「たくあんのきんぴら」は、古漬けたくあんを塩抜きし、油で炒めたもの。 冬から...
1069,香川県,わりご弁当,瀬戸内海の小豆島では、毎年5月3日に「肥土山農村歌舞伎」が開催される。これは昔...
1070,香川県,年明けうどん,うどんは、太くて長いことから、古来より長寿を祈る縁起物として食べられてきた。...
1071,香川県,どじょう汁,ドジョウは、産卵期前の6月から7月が年間で最も美味しいとされる。ウナギよりも脂...
1072,香川県,おちらしあめ,「おちらしあめ」は、おちらし粉を水あめで練り上げた菓子。おちらしとは、大麦の...
1073,香川県,わけぎあえ,昔から農家では、春の野菜としてわけぎもよく栽培されていた。うどんの薬味に欠か...
1074,香川県,さつま,「さつま」は、焼き上げた白身魚をほぐして、焼き目を付けた味噌と魚のだし汁での...
1075,香川県,もっそうめし,「もっそうめし」とは、握ったごはんを指す。丸や扇などの木型に、すし飯や五目飯...
1076,愛媛県,鯛めし,「鯛めし」の歴史は、古く神功皇后の朝鮮出陣の頃にはつくられていたといわれてい...
1077,愛媛県,さつま,「さつま」は、八幡浜市をはじめ、南予地方一帯の郷土料理として知られている。白...
1078,愛媛県,いもたき,「いもたき」の発祥は、大洲市とされており、鶏肉、里芋、こんにゃく、しいたけな...
1079,愛媛県,いぎす豆腐,いぎすとは、浅い海の岩などに生える海藻（かいそう）で、枝状の細い紅藻（こうそ...
1080,愛媛県,せんざんき,せんざんき（千斬切・せんざん雉）は、鶏料理が盛んな東予地方（主に今治市辺り）...
1081,愛媛県,法楽焼,「法楽焼」は、今治市の名物料理で、塩やごま、豆類などを炒るための平らな焙烙鍋...
1082,愛媛県,緋の蕪漬／緋のかぶ漬,愛媛県の民謡伊予節にもでてくる伝統野菜、緋色のかぶの漬け物であり、ダイダイ酢...
1083,愛媛県,いずみや,新居浜地方の郷土料理で、酢飯の代わりに味付けしたおからを使った卯の花寿司のこ...
1084,愛媛県,鯛そうめん,「鯛そうめん」とは、タイを一尾まるごと姿煮にしたものを、ゆでた素麺と一緒に大...
1085,愛媛県,たこ飯,漁船上で漁業者が獲れたタコをぶつ切りにして、ごはんに炊き込んだのがはじまりと...
1086,愛媛県,ふかの湯ざらし,「ふか」とはサメのことで、南予では1メートル前後のものがよく捕れ、種類は、イサ...
1087,愛媛県,ふくめん,「ふくめん」は、宇和島藩の行事食として伝わったといわれており、主な材料となる...
1088,愛媛県,松山鮓,明治25年（1892年）、夏目漱石が初めて松山を訪れ、正岡子規の家に立ち寄った際に...
1089,愛媛県,石花汁,古くは石材業が盛んだった今治市大島に伝わる郷土料理。同島の北部に位置する宮窪...
1090,愛媛県,今治焼き鳥,「今治焼き鳥」は、串に刺さっていない皮を鉄板で軽く焼き、小さな板状の鉄の重し...
1091,愛媛県,味噌汁（麦味噌）,愛媛の味噌汁は、地元に古くから伝わる麦味噌を使った汁物で、中に入れる具材は家...
1092,愛媛県,えび天,豊かな海の幸をはぐくむ燧灘（ひうちなだ）の新居浜から川之江にかけては、ジャコ...
1093,愛媛県,かんころ,日本一細長い半島といわれる佐田岬半島にある伊方町では、その独特の地形から内洋...
1094,愛媛県,きじ肉と切り干し大根の混ぜご飯,日本でいうキジは日本昔話の「桃太郎」にも出てくるくらい古くから親しまれてきた...
1095,愛媛県,じゃこ天,宇和海から豊富な魚がとれる八幡浜市や、宇和島市などでは、魚の加工品づくりが盛...
1096,愛媛県,しょうゆめし,室町時代から炊き込みご飯を「しょうゆめし」と呼んでおり、お祝い事などの時に食...
1097,愛媛県,太刀魚巻／太刀巻,タチウオとはスズキ目タチウオ科の海水魚で、その全長は大きなもので2mを超える。...
1098,愛媛県,タルト,松山市を代表するお菓子。松山市では、カステラ生地であんを巻いたロールケーキ状...
1099,愛媛県,ぼて茶,松山地域の気候風土にマッチした「ぼて茶」は、藩政時代に松山藩主より質素倹約の...
1100,愛媛県,みかんずし,太陽の光と潮風をいっぱいに浴びて育つ愛媛みかんは、全国トップクラスの生産量を...
1101,高知県,いもの茎の炒め煮,高知県では、さつまいもやかぼちゃの茎を食べる食文化がある。茎といっても葉と茎を...
1102,高知県,かつおのたたき,高知県の県魚であるカツオは、日常的に食べられている食材である。「かつおのたたき...
1103,高知県,ぐる煮,「ぐる煮」とは、大根、人参、里芋といった冬の根菜を中心に使った煮物のこと。いず...
1104,高知県,りゅうきゅうの酢の物,高知県では、ハスイモ（サトイモ科）の葉と茎のつながる葉柄部分を「りゅうきゅう」...
1105,高知県,いたどりの油いため,「いたどり」とは山あいに自生するタデ科の植物。竹のように中心が空洞なことから「...
1106,高知県,ひめいちとみかんの辛子煮,ヒメイチとは、土佐湾の小型底びき網にかかる小魚。正式な呼称は、ホウライヒメジで...
1107,高知県,こうし飯,大月町は県南西部にある海沿いのまち。町内では稲作や葉たばこ栽培、施設園芸などの...
1108,高知県,きらずもち,豆腐づくりの副産物で出るおからは、日本各地で食べられ、呼び方も「卯の花」「きら...
1109,高知県,豆腐の梅酢づけ,日本で豆腐が食べられるようになったのは平安末期のことである。中国から伝来された...
1110,高知県,暮れの煮物,高知県で年越しに食べる郷土料理といえば、くじら肉が入った「暮れの煮物」である。...
1111,高知県,田芋のころばし,高知県では、里芋のことを田芋（たいも）と呼び、米に次ぐ貴重な栄養源として、昔か...
1112,高知県,淡竹とエンドウの煮物,高知県ではたけのこが良く食べられる。春先になると孟宗竹（もうそうちく）が出回り...
1113,高知県,皿鉢料理,高知県の代表的な食文化といえば「皿鉢料理」である。特定の料理名ではなく料理の様...
1114,高知県,いもべらあずき,土佐和紙の産地として知られ、県中央部に位置する伊野町。この地域では昔から、冬の...
1115,高知県,こんちん,四国山地の中央部に位置する、山あいのまち大豊町。「こんちん」とは、ささがきした...
1116,高知県,つがに汁,高知県を代表する郷土料理の一つに「つがに汁」がある。ツガニとは、四万十川や仁淀...
1117,高知県,チャーテの和え物,暑い夏が過ぎ、秋の気配が近づいたころチャーテの季節がやってくる。チャーテとは熱...
1118,高知県,ぜんまいの炒め煮,山村では古くから、「ぜんまいの油炒め」や白和え、煮物などが食べられてきた。 ...
1119,高知県,こぶずし,県中央部・県西部に分かれて「こぶずし」のレシピは異なる。県中央部は、「板こぶず...
1120,高知県,こけらずし,高知県の代表する食文化の一つに「すし文化」がある。そのバリエーションは多岐にわ...
1121,高知県,きゅうりと川エビの煮物,川エビとは手長エビのこと。四万十川や仁淀川でとれる高知県の特産品の一つ。体長は...
1122,高知県,きびなごのほおかぶり,高知県では、お米の代わりにおからを使い酢づけのイワシをのせた握りずしの「たまず...
1123,高知県,銀ぶろうずし,「銀ぶろう」とは大豊町の西豊永地区で自家用で栽培されてきたいんげん豆の一種。大...
1124,高知県,半夏だんご,四国山地の中央部、県庁所在地の高知市より約40kmの距離に位置する大豊町。古く...
1125,高知県,田舎ずし,「田舎ずし」とは、全国的に見ても珍しい野菜を使ったすし。高知県の山間地帯に伝わ...
1126,高知県,かしきり,「かしきり」は、かしの実（あらかしの実、どんぐりともいう)でつくられる豆腐のこ...
1127,高知県,蒸し鯛,「蒸し鯛」は、婚礼や正月などの祝いの席など、県内で頻繁に催される「おきゃく」の...
1128,高知県,ねぎとさつまいものぬた,高知県の中心部にあたる南国市。奈良時代から平安時代にかけて国府が置かれ、土佐の...
1129,高知県,葉にんにくのぬた,ぬたとはにんにくに味噌や酢を混ぜてつくる高知県の伝統的な調味料。生の魚やこんに...
1130,高知県,さばの姿ずし,県内全域の食習慣として根づき、冠婚葬祭や神事に欠かせない「皿鉢（さわち・さはち...
1131,福岡県,ぬかみそ炊き,昔は小笠原藩の保存食だったぬか漬けが、小倉の旧家に伝わりそれが庶民の間に広ま...
1132,福岡県,がめ煮,「がめ煮」は福岡県の代表的な郷土料理で、博多の方言「がめくりこむ」（寄せ集め...
1133,福岡県,博多雑煮,「博多雑煮」に欠かせない材料のかつお菜は、博多に古くから伝わる野菜で高菜の仲...
1134,福岡県,若鶏の水炊き,「若鶏の水炊き」は、福岡県を代表する郷土料理の一つである。鶏肉を骨ごと煮こん...
1135,福岡県,おきゅうと,「おきゅうと」は、海藻であるエゴノリを干し、煮溶かして小判型に固めた食べ物で...
1136,福岡県,かしわめし,九州地方では鶏肉のことを「かしわ」と呼び、炊いたごはんに、かしわや具材を煮詰...
1137,福岡県,あちゃら漬け,刻んだ季節の野菜に赤唐辛子を加えた酢の物である。爽やかな甘みと酸味に、唐辛子...
1138,福岡県,博多の胡麻鯖,昔から新鮮な魚介が揚がる福岡・博多。傷みやすいことから、全国的には生で食べる...
1139,福岡県,にぐい,鶏肉の入らない精進料理がはじまりといわれ、仏事に必ずつくり、結婚式などの祝い...
1140,福岡県,ふなやき,「ふなやき」は、筑後地域に古くから伝わる小麦粉を使ったおやつである。小麦粉と...
1141,福岡県,かぼちゃのだんご汁,県の北東部の豊前市三毛門地区は、1個が4kg近くになる大きな日本かぼちゃ、三毛門...
1142,福岡県,あぶってかも,「あぶってかも」は、主に福岡市沿岸地域で食べられるスズメダイの塩焼きで、皮や...
1143,福岡県,がめの葉饅頭,端午の節句の時期になるとつくり、子どものおやつとしても親しまれている。端午の...
1144,福岡県,いも饅頭,福岡県の奥八女は日向神から有明に流れる矢部川の上流にある。弓掛地区はこの矢部...
1145,福岡県,酢もち,「酢もち」は、器に大根おろし、だいだいのしぼり汁、醤油、砂糖を入れておき、正...
1146,福岡県,せんぶきまげ,わけぎのことを福岡では「せんぶき」と呼ぶ。ねぎの変種で、ねぎより柔らかく甘味...
1147,福岡県,鶏肉のすき焼き,福岡県で鶏肉を食べる習慣が生まれた背景として、江戸時代の飢饉（享保の飢饉等）...
1148,福岡県,瀬高の高菜漬け,高菜はからし菜の仲間で、葉や茎のピリリとした辛味が特徴である。高菜漬けの流通...
1149,福岡県,とうへい鍋,「トウヘイ」とは、本州の中部以南の海域に生息する大ウナギに似た魚で、正式には...
1150,福岡県,のうさば,「のうさば」は、天日干しにしたホシザメを調味料液に漬けて食べる郷土料理である...
1151,福岡県,みとり饅頭,家庭でつくられてきた郷土菓子である。福岡県は小麦の生産が盛んで、生産面積は上...
1152,福岡県,ゆずごしょう,九州地方では一般的な調味料として親しみのある「ゆずごしょう」。発祥の地は諸説...
1153,福岡県,あまぎのかわたけ,かわたけ（川茸）は、福岡県朝倉市の黄金川でしか収穫できない貴重な天然淡水海苔...
1154,福岡県,くつぞこの煮つけ,九州4県に囲まれた有明海。海底は泥質で平均水深が20mほどと浅く、日本最大の干潟...
1155,福岡県,えびざっこ,豊かな恵みをもたらしてくれる豊前海。福岡県東部沿岸から大分県北部沿岸にかけて...
1156,福岡県,べたもち,小麦生産量が多い福岡県では、昔から多くの農家で稲作のほかに小麦の栽培がおこな...
1157,福岡県,柳川なべ,筑後地方の南西部に位置する柳川市は、ほぼ全域が筑紫平野に含まれており、平坦な...
1158,福岡県,やまごんにゃくの刺身,こんにゃくの歴史は古く、鎌倉時代には貴族や僧侶など身分の高い人たちの間で薬や...
1159,福岡県,エツの南蛮漬け,日本では、有明海へと流れ込む筑後川河口域一帯にしか生息していない「幻の魚」と...
1160,福岡県,かます寿司,筑後国一の宮である高良大社でおこなわれる、高良大社例大祭（高良山くんち）は、...
1161,佐賀県,ふなんこぐい,干満の差が約6mあり、干潮時には沖合の5～7mにわたって干潟が広がる有明海。珍...
1162,佐賀県,いかのかけ和え,全国各地にあり「おろしなます」「かきあえ」「ぬたあえ」と呼ばれる、魚介類とダイ...
1163,佐賀県,にいもじ,年間を通して穏やかな気候の佐賀県も、夏になると連日30度前後と暑くなる。そんな時に...
1164,佐賀県,だぶ,佐賀県から福岡県にまたがって伝承されている「だぶ」は、鶏肉と季節の野菜を入れて...
1165,佐賀県,お茶がい／茶がゆ,お茶でご飯を炊いたかゆ「お茶がい」「お茶がゆ」。幕末時代、財政難に悩んだ佐賀藩...
1166,佐賀県,須古ずし,有明海に面している白石町は、山や平野、海、川と自然が豊富。特に白石平野は、中世...
1167,佐賀県,のっぺ汁,「のっぺ汁」は、佐賀県の家庭で伝わる汁物で、「のっぺい汁」や「ぬっぺい汁」と...
1168,佐賀県,煮ごみ,佐賀県をはじめとする九州北部に伝わるくんち。おくんちとも呼ばれ、新米を氏神様...
1169,佐賀県,がめ煮,数ある佐賀県の郷土料理の中でも、定番なのが「がめ煮」だ。全国的には「筑前煮」...
1170,佐賀県,むつごろうの蒲焼,佐賀県の有明海は、干満の差が約6mもあることから、干潮時に広大な干潟が出現するこ...
1171,佐賀県,ゆでだご,「ゆでだご」は「ゆでだんご」がなまった言葉で、小麦粉と黒砂糖を使ったお菓子のこ...
1172,佐賀県,およごし,約230年前の2月19日に佐賀県の伊福集落では、集落の大半を焼失した火災が起こ...
1173,佐賀県,つんきーだご汁,佐賀県に伝わる郷土料理「平だご」「だご汁」は、ともにだごを使ったもの。“だご”...
1174,佐賀県,呉豆腐のごま醤油かけ,全国各地で作られている豆腐は豆乳ににがりを加えて形成するが、佐賀県の有田町を中...
1175,佐賀県,ゆきのつゆ,言わずと知れた焼き物の地・佐賀県有田町。17世紀初頭に磁気の原料となる陶石が有田...
1176,佐賀県,くちぞこの煮つけ,日本一の干満さと広大な干潟を有する有明海には、ムツゴロウをはじめ、メカジャやウ...
1177,佐賀県,栗おこわ,佐賀県に伝わる「栗おこわ」は、「栗こわい」「こわい」とも呼ばれる、村の祭りや家...
1178,佐賀県,干し柿なます,全国各地で栽培されている柿。佐賀県は決して生産量は多くなく、作付面積も広くない...
1179,佐賀県,つがにめし,有明海や玄界灘を有する佐賀県。豊富な海の幸の恩恵を受けた郷土料理が数多く残る...
1180,佐賀県,しゃっぱの煮つけ,エビのような見た目を持つシャコ科のシャコは、北海道から沖縄まで日本全土に生息す...
1181,佐賀県,わらすぼのみそ汁,有明海の珍魚といえばムツゴロウだが、それと並ぶのが、日本では有明海にしか生息し...
1182,佐賀県,あらの姿煮,ユネスコ無形文化遺産に「曳山行事」を含む「山・鉾・屋台行事」が登録された唐津く...
1183,佐賀県,ふつもち,稲作が盛んな佐賀県では、うるち米だけでなくもち米の栽培も広く行われており、全国... 
1184,佐賀県,おこもじの油炒め,三度の食事に欠かせない漬物。佐賀県では、春は高菜漬、初夏には梅干しやらっきょう...
1185,佐賀県,冷やしそうめん,佐賀県で古くから食べられている「冷やしそうめん」。県東部に位置する神埼市の名産...
1186,長崎県,具雑煮／島原具雑煮,島原を代表する郷土料理のひとつ。江戸時代初期の1637年に起こった島原の乱で、総大将の...
1187,長崎県,ひきとおし,長崎県の離島・壱岐の代表的な郷土料理。かつて壱岐の農家では、盆・正月・祭りの日に...
1188,長崎県,浦上ソボロ,長崎県浦上地区が発祥の郷土料理。1500年後半、浦上地区でキリスト教を布教していた...
1189,長崎県,にごみ,落花生の名産地として知られる長崎県大村市の郷土料理。具材のひとつとして薄皮つきの...
1190,長崎県,大村寿司／大村寿し,古くから大村市に伝わる郷土料理。室町時代、戦に敗れ領地を奪われた大村純伊...
1191,長崎県,ろくべえ／六兵衛,島原地域と対馬地域に江戸時代から伝わる郷土料理。調理方法に多少の違いはあるが、...
1192,長崎県,皿うどん,「皿うどんは」全国的に知られる長崎名物の麺料理。1899年（明治32年）に「チャンポン」...
1193,長崎県,ちゃんぽん,全国的に知られる長崎名物の麺料理。1899（明治32）年、中華料理店『四海樓...
1194,長崎県,いりやき,日本海に浮かぶ離島・対馬に古くより伝わる鍋料理。昔から地元の家庭には、冠婚葬祭で...
1195,長崎県,いぎりす,長崎県の島原半島に伝わる郷土料理。「いぎりす」は、材料や作り方は若干異なるものの...
1196,長崎県,ヒカド,1600年代の初期から長崎に伝わる郷土料理。かつて長崎にいたポルトガル人の宣教師や...
1197,長崎県,地獄炊き（五島うどん・島原そうめん）,「五島うどん」は、長崎県の最西端にある五島列島の古くからの特産品。かつて五島は...
1198,長崎県,鶏飯,「鶏飯」は、諫早市の目代地区に伝わるおもてなし用の混ぜご飯。昔から、正月や盆のとき...
1199,長崎県,ぬっぺ,「ぬっぺ」は諫早地区に古くから伝わる郷土料理。実は、これに類いする料理は日本...
1200,長崎県,鼻はじき,「鼻はじき」は諫早地区に伝わる郷土料理。一枚の皿にさまざまな食材を放射状に並べ...
1201,長崎県,押し寿司（もろぶた寿司）,「もろぶた寿司」は長崎県北の佐々町に古くから伝わる押し寿司。由来は大村市に伝わる...
1202,長崎県,かんころ餅,「かんころ餅」は長崎県五島地方に古くから伝わる郷土食。五島地方ではさつま芋を...
1203,長崎県,長崎天ぷら,「長崎天ぷら」は約400年前から伝わる郷土料理。南蛮貿易のポルトガル人が食べていた衣...
1204,長崎県,鯨じゃが,長崎では縄文時代から捕鯨が行われており、江戸時代には大村湾の東側に位置する彼杵...
1205,長崎県,パスティー,「パスティ」は鎖国時代に出島に出入りしていたオランダ人から伝わったとされる料理。...
1206,長崎県,アルマド,「アルマド」は鎖国時代に出島があった平戸で作られはじめたとされる卵入りの練り物。...
1207,長崎県,ピーナッツ豆腐,「ピーナッツ豆腐」は約70年前に落花生の生産がはじまった五島列島北部の島・小値賀島...
1208,長崎県,茹で干し大根とかんぼこの煮物,「茹で干し大根とかんぼこの煮物」は西海市の郷土料理。「茹で干し大根」と「かんぼこ」...
1209,長崎県,レモンステーキ,「レモンステーキ」は、長崎県佐世保市で1955年ごろから親しまれはじめた地元の名物...
1210,長崎県,くりつぼ,「くりつぼ」は、昔から川棚町と東彼杵町で食べられてきた地域伝統の煮物料理。名称の...
1211,長崎県,対州そば,「対州そば」は、古くから対馬で栽培されているそばの品種のこと。名称にある「対州」...
1212,長崎県,つぼ汁,「つぼ汁」は、西海市雪浦地区の郷土料理。地域によって「いんげん汁」や「つぼき」...
1213,長崎県,長崎ミルクセーキ,「長崎ミルクセーキ」は、大正末期～昭和初期に長崎市で生まれたアイスデザート。...
1214,長崎県,ハトシ,「ハトシ」は、明治時代に清国（当時の中国）から長崎に伝わった料理。中国語で...
1215,長崎県,かんざらし,「かんざらし」は、古くから島原市一帯で作られてきた伝統のスイーツ。かつて島原市一帯...
1216,熊本県,からし蓮根,熊本県は、全国的にも上位の生産量を誇るれんこんの産地。中でも細川藩の天保年間...
1217,熊本県,だご汁,「だこ汁」は、小麦粉（米の粉）を水で練って、しばらく寝かせ、手で延ばしちぎっ...
1218,熊本県,焼鮎の甘露煮,球磨川は熊本最大の一級河川で、人吉盆地を貫き、八代平野を流れて八代海に注ぐ。...
1219,熊本県,いきなり団子,「いきなり団子」は、輪切りにしたさつまいもを小麦粉の生地で包んで蒸した素朴な...
1220,熊本県,がね揚げ,天草地域で、仏事に魚が使えないので、その代わりにさつまいもを太めの拍子切りに...
1221,熊本県,南関あげ巻き寿司,「南関あげ巻寿司」は、南関町に江戸時代から伝わる「南関あげ」を使った巻き寿司...
1222,熊本県,つぼん汁,「つぼん汁」は、鶏肉、かまぼこのほか、里芋、ごぼう、人参、大根など根菜の野菜...
1223,熊本県,阿蘇高菜漬け,「阿蘇高菜」は、阿蘇の寒冷な気候と火山灰の大地が育む伝統野菜。秋に種をまき、...
1224,熊本県,赤ど漬け,高菜漬けと並んで阿蘇（旧一の宮町など一部の地域）に伝わる伝統的な漬物。色やか...
1225,熊本県,寒漬け,「寒漬け」は冬の冷たい風に大根を二度さらしてつくる漬物で、芦北・水俣地域に古...
1226,熊本県,このしろの姿寿司,八代海沿岸部、天草灘、有明海に面した地域で、正月や祭り、祝い事など家族や親せ...
1227,熊本県,豆腐の味噌漬け,800年ほど前、源氏との戦いに敗れた平家の落ち武者が肥後連山の麓に隠れ住み、つく...
1228,熊本県,馬刺し,馬肉生産量日本一・熊本の名物として一番に名前が上がるのが「馬刺し」。薄く切っ...
1229,熊本県,ぶたあえ,大小120ほどの島々からなる天草地域では豊富な魚介に恵まれており、中でもエビやカ...
1230,熊本県,巻柿,干し柿の産地として有名な宇城地区、上益城郡山都町に伝わる伝統食。「福をかき寄...
1231,熊本県,まぜ飯,地域で行事や人の集まる祝い事の時に必ず登場する「まぜ飯」。具飯とも呼ばれ、鶏...
1232,熊本県,たこ飯,足を広げて吊るされ、潮風に揺れる「干しダコ」は、ちょっとユーモラスな天草市有...
1233,熊本県,かすよせ,「かすよせ」は、主に山都町で祝い事や祭りの際など人が集まるときに、家庭でよく...
1234,熊本県,こっぱもち,「こっぱもち」は、天草地域特産のさつまいもを使った伝統的なおやつ。こっぱとは...
1235,熊本県,シャクの天ぷら,熊本の夏の味覚、シャク（真ジャク）は正式には「穴じゃこ」といい、八代地域・荒...
1236,熊本県,鯛そうめん,タイといえば、古くからお祝い事などに欠かせない魚だが、熊本県は全国の中でも新...
1237,熊本県,山するめのきんぴら,九州地方全般で食べられているが、熊本県で特に人気が高いのが干したけのこ料理。...
1238,熊本県,太平燕,熊本の中華料理店や家庭でも定番の一品で、春雨をメインに、炒めた野菜や豚肉、エ...
1239,熊本県,とじこ豆／豆菓子,甘い小麦粉の生地で大豆をとじこめたという意味で名付けられた「とじこ豆（とちこ...
1240,熊本県,馬肉蕎麦,熊本県は馬肉の生産量全国1位（農林水産省令和元年畜産物流通統計）である。「...
1241,熊本県,一文字のぐるぐる,6代目藩主細川重賢の時代、肥後藩の財政が苦しく立て直しを図って倹約令が出された...
1242,熊本県,蛇腹大根（房切り大根）の煮物,蛇腹大根は、南阿蘇地域で冬の冷たい風を利用して昔から作られている干し大根。房...
1243,熊本県,骨かじり,「骨かじり」は、人吉・球磨地域の特に奥球磨（上球磨／湯前町、多良木町、水上村...
1244,熊本県,柚餅子,餅のような食感で、柚子の香りと味噌が噛めば噛むほど味わい深い素朴な郷土菓子で...
1245,大分県,そらきたもち,「やせうま」や「じり焼き」、「ゆでもち」など、小麦粉を原材料とする郷土菓子が多...
1246,大分県,じり焼き,鶏肉の消費量が多いことで知られる大分県だが、小麦粉を使った粉食文化も暮らしに深...
1247,大分県,きらすまめし,大分県の東南部に位置し、豊予海峡方面へ楕円状に細長くのびる臼杵市（うすきし）。...
1248,大分県,りゅうきゅう,瀬戸内海に面し、豊富な魚介類に恵まれる大分県では、アジやタイ、太刀魚、イワシ、...
1249,大分県,だんご汁,大分県は台地が発達しており、米づくりに適さない土地が多く、古くから畑を基盤とし...
1250,大分県,あじの丸ずし,大分県南東部に位置する佐伯市（さいきし）は、九州最大の面積をもつ街。面積は90...
1251,大分県,頭料理,大分県の南西部に位置し、くじゅう連山、阿蘇外輪山、祖母山麓に囲まれた竹田市。戦...
1252,大分県,ごまだし,九州最大の面積を誇る佐伯市（さいきし）は、豊富な海の幸に恵まれた漁師町として知...
1253,大分県,あゆうるか,一級河川・筑後川本流の上流にあたる三隈川、長さ107kmにも及ぶ、県下最大の川...
1254,大分県,くじゃく,大分県南東部に位置する佐伯市（さいきし）は、面積は903.12km2...
1255,大分県,ゆずの皮煮,大分県は、柚子の生産量で国内トップを誇る名産地。県内各地のいたるところに柚子の...
1256,大分県,あいまぜ,大分県の南西部に位置する竹田市は、くじゅう連山、阿蘇外輪山、祖母山麓に囲まれた...
1257,大分県,こねり,「こねり」は、夏の野菜である、なすやにがうりを油で炒めて、出汁で溶いた味噌で味...
1258,大分県,酒まんじゅう,大分県南西部に位置する竹田市と豊後大野市から構成される豊肥（ほうひ）地方。祖母...
1259,大分県,ゆでもち,かつて大分県は水捌けの悪い地域が多く、水をはる必要がある稲作に向かなかったこと...
1260,大分県,石垣もち,大分県に根づく食文化の一つに、粉食文化がある。かつて、大分県は米づくりに適さな...
1261,大分県,鯛麺,国東市（くにさきし）の伊美港からフェリーでおよそ20分、瀬戸内海西端に浮かぶ離...
1262,大分県,けんちゃん,瀬戸内海に突き出た国東半島（くにさきはんとう）の東部を占め、周防灘（すおうなだ...
1263,大分県,がん汁,国東半島（くにさきはんとう）の付け根に位置する宇佐市。北は周防灘（すおうなだ）...
1264,大分県,鶏汁,一世帯当たりの鶏肉年間購入量が全国トップレベルの大分県では、古くから鶏肉を使っ...
1265,大分県,とり天,鶏肉を多く食べることで知られる大分県。2019年、総務省が都道府県庁所在地と政...
1266,大分県,たらおさ,「たらおさ」は、県内陸部の日田・玖珠（くす）地方で食べられているタラの乾物。タ...
1267,大分県,物相ずし,大分県の北西端に位置する中津市とそこに隣接する宇佐市では、古来より「物相ずし」...
1268,大分県,お方ずし,大分県は、各地にさまざまなすし料理が伝わっている。大分市竹中地区に伝わるすし料...
1269,大分県,あみめし,福岡県東部から大分県北部沿岸に広がる豊前海（ぶぜんかい）は、遠浅が続くため干潟...
1270,大分県,黄飯と黄飯かやく,大分県の東南部地域に位置し、豊予海峡方面へ楕円状に細長くのびる臼杵市（うすきし...
1271,大分県,鶏めし,一世帯当たりの鶏肉年間購入量が全国トップレベルの大分県。鶏肉が伝統食材として根...
1272,大分県,ひゅうが丼,津久見市の津久見港からおよそ14km、豊後水道に浮かぶ島・保戸島。古来より漁業...
1273,大分県,やせうま,練った小麦粉を平たくのばしてゆでたものに、きなこや砂糖をまぶして食す、昔ながら...
1274,大分県,鮑腸,古くから畑を基盤とした穀物栽培が盛んだった大分県。収穫した小麦を挽いた「地粉」...
1275,宮崎県,煮しめ,煮汁が残らないように、じっくり時間をかけて煮ることを「煮しめる」といい、その...
1276,宮崎県,チキン南蛮,延岡市発祥で知られる「チキン南蛮」。昭和30年代に延岡市内の洋食店で、賄い料理...
1277,宮崎県,魚ずし,「魚ずし」とは、サバやアジなどを使ってつくる姿ずしのことで、いわゆる一般にい...
1278,宮崎県,ふたたびだんご,宮崎県の東北部にあり、東は日向灘に面し五つの川が流れる自然豊かな延岡市には「...
1279,宮崎県,めひかりの唐揚げ,メヒカリは、延岡市の沖合、日向灘の水深300m前後のところで漁獲される5～15cm程の...
1280,宮崎県,歳とり膳／年取り膳／年越し料理,大晦日の夜に高膳に盛られた豪華な料理を家族揃って食べ、お正月を迎える。その時...
1281,宮崎県,菜豆腐,椎葉村は熊本県と境を接する山間部にあり、平家の落人伝説が残る静かな村である。...
1282,宮崎県,かっぽ鶏,神話と伝説の町として知られる宮崎県高千穂町。この地方では竹のことを「かっぽ」...
1283,宮崎県,そまげ,「そまげ」の「そま」はそばの事で、「げ」はおかゆのこと。椎葉村の郷土料理の「...
1284,宮崎県,稗ずーしー／稗がゆ,雑炊のことを「ずし」という。お米は貴重であり正月や祭事に食しており、昔の普段...
1285,宮崎県,とうきびめし,「とうきびめし」は、その昔この地方では、麦飯とともに中心になる主食であった。...
1286,宮崎県,冷や汁,「冷や汁」は、即席のかけ汁で宮崎県の平野部を中心とする郷土料理である。近年は...
1287,宮崎県,千切り大根（切り干し大根）のまだか漬け,「まだか漬け」とは、宮崎県の郷土料理の漬物である。あまりの美味しさに出来上が...
1288,宮崎県,ぬた芋,宮崎県は里芋の生産量が多く、収穫量は埼玉県、千葉県と並んで常に全国上位に位置...
1289,宮崎県,お茶の葉天ぷら,「お茶の葉天ぷら」は新茶が出来た時に食べられる郷土料理である。宮崎県は、温暖...
1290,宮崎県,ざぶ汁,「ざぶ汁」は主に根菜類の野菜などの色々な食材を”ざぶざぶ”と煮ることからこの名...
1291,宮崎県,とりめし,「とりめし」は、季節の野菜や鶏肉を使った炊き込みご飯の農家飯として、稲刈りや...
1292,宮崎県,日向黒皮かぼちゃの煮物,温暖な気候に恵まれ、日照時間が全国トップクラスの宮崎県で、日光をたっぷり浴び...
1293,宮崎県,れんこんのすり流し汁／れんこんのごりごり汁,水沼神社のほとりにある湖水が池のれんこんは、第七代高鍋藩主秋月種成が、貧しい...
1294,宮崎県,がね,「がね」は、南九州（都城市・鹿児島県）地方などの代表的な郷土料理である。「が...
1295,宮崎県,いりこもち,名前の由来は、炒ったもち米からつくることから、「いりこもち」と呼ばれる。江戸...
1296,宮崎県,地鶏の味噌ころばかし,宮崎県で地鶏といえば「地頭鶏（じとっこ）」である。地頭鶏とは、宮崎県および鹿...
1297,宮崎県,酢のしゅい,「酢のしゅい」は、おろした大根とイワシを酢と醤油で煮た温かい酢の汁物で、「し...
1298,宮崎県,せりのよごし,せりはセリ科の多年草で、日本全国の山野に自生している。古く奈良時代にはすでに...
1299,宮崎県,七とこずし,「七とこずし」は旧島津藩（きゅうしまづはん）の都城（みやこのじょう）地方に伝...
1300,宮崎県,めの餅あられ,「めの餅飾り」とは南九州地方に伝わる小正月の伝統行事で、五穀豊穣、家内安全を...
1301,宮崎県,おび天,「おび天（飫肥天）」とは、宮崎県日南市飫肥（おび）地区の郷土料理で、魚肉練り...
1302,宮崎県,かに巻き汁,「かに巻き汁」は宮崎県南部の北郷町（きたごうちょう）に伝わる郷土料理で、北郷...
1303,宮崎県,ねりくり／ねったぼ／芋もち,宮崎県ではさつまいものことを甘藷（かんしょ）と呼ぶ、甘藷（かんしょ）でつくる...
1304,宮崎県,つわぶきの油炒め,つわぶきは、日本原産で本州の福島県・石川県以南に自生しているが、主に、九州地...
1305,鹿児島県,さつまえび雑煮,日本各地で、その内容に特色があらわれる「雑煮」。出汁の素材や味、中に入れる具材...
1306,鹿児島県,がね,「がね」は鹿児島県の特産品として全国に知られるさつまいもを食材とした郷土料理。...
1307,鹿児島県,つけあげ,「つけあげ」は、他県で“さつまあげ”、“てんぷら”、“揚げかまぼこ”などと呼ば...
1308,鹿児島県,鶏飯,「鶏飯」は、ほぐした鶏肉、干ししいたけ、錦糸卵、パパイヤの味噌漬け、みかんの皮...
1309,鹿児島県,さつま汁,「さつま汁」とは、鶏肉を使った具だくさんな味噌汁のこと。『薩摩旧伝集』によると...
1310,鹿児島県,ぶり大根,鹿児島県の特産品であるブリと大根を使った「ぶり大根」は冬の定番料理として親しま...
1311,鹿児島県,黒糖,「黒糖」は、とうきびを細かくカットし、圧搾機にかけて絞り出した汁を煮詰めてつく...
1312,鹿児島県,みき,「みき」は、米とさつまいも、砂糖を使った乳酸菌発酵飲料で、奄美地域の他に沖縄県...
1313,鹿児島県,ミズイカのマダ汁,ミズイカはアオリイカの別称で、胴長40cmにもなる比較的大きなイカである。透き...
1314,鹿児島県,豚骨野菜,「豚骨野菜」は、大きく切った骨付きの豚肉とツワブキ、昆布、大根、人参、コシャマ...
1315,鹿児島県,パパイヤ漬け,「パパイヤ漬け」は、パパイヤの若い実を塩漬けした後、味噌や醤油などで漬けたもの...
1316,鹿児島県,三献,正月料理といえばおせち料理や雑煮であるが、奄美地域では「三献」が食される。餅入...
1317,鹿児島県,油ゾーメン,「油ゾーメン」は、豚肉と野菜、そうめんを炒めた郷土料理である。沖縄の「そうめん...
1318,鹿児島県,ふくれ菓子,小麦粉，重曹，黒糖などを混ぜて蒸した郷土菓子の「ふくれ菓子」。重曹を使ってふっ...
1319,鹿児島県,白熊,「白熊」は、削った氷に練乳をかけ、その上にチェリーやレーズン、みかん、パイン、...
1320,鹿児島県,へちま汁,「へちま汁」は、へちま入りの味噌汁を、そうめんが入った器の中に入れて食べる鹿児...
1321,鹿児島県,豚汁,鹿児島県の特産品の一つである豚肉。飼育頭数は全国1位で、かごしま黒豚がブランド...
1322,鹿児島県,さつますもじ,鹿児島県では「ちらしずし」のことを、かつての宮中の女房言葉から「すもじ」という...
1323,鹿児島県,かしゃもち,「かしゃもち」は、奄美地域でつくられる、よもぎを使った餅菓子のことである。“か...
1324,鹿児島県,げたんは,「げたんは」は、かつて米の集荷地であった横川町（現・霧島市）に集まる人をもてな...
1325,鹿児島県,かるかん,「かるかん」は、かるかん粉、山芋、水を使ってつくる鹿児島県の銘菓として全国に知...
1326,鹿児島県,からいもねったぼ,「からいもねったぼ」は鹿児島県の特産品として全国に知られるさつまいもを使った郷...
1327,鹿児島県,からいもごはん,「からいもごはん」は、鹿児島県の特産品として全国に知られるさつまいもを使った郷...
1328,鹿児島県,じゃんぼ餅,「じゃんぼ餅」とは、つきたての餅やもち米粉を使っただんご串を2本さして、とろみ...
1329,鹿児島県,あくまき,「あくまき」は、主に端午の節句で食べられる鹿児島県独特の餅菓子で、“ちまき”と...
1330,鹿児島県,豚味噌,「豚味噌」は、鹿児島県を代表する食材である豚肉と味噌を合わせてつくる料理である...
1331,鹿児島県,豚骨,「豚骨」とは、豚の骨付きあばら肉を焼いて芋焼酎で炒りつけてこんにゃくや大根など...
1332,鹿児島県,鶏刺し,鹿児島県では、江戸時代から薩摩武士たちが士風高揚のため、盛んに闘鶏をおこなって...
1333,鹿児島県,きびなごの刺身,鹿児島県は、鹿児島湾、東シナ海、太平洋など広い漁場に恵まれ、海の幸も豊富である...
1334,鹿児島県,酒ずし,江戸時代からの歴史を持つといわれる「酒ずし」。薩摩藩主であった島津の殿様が、花...
1335,沖縄県,中身汁,豚肉がよく食べられる沖縄県では、余すところなく料理に使うことから「鳴き声以外は...
1336,沖縄県,クーブイリチー,沖縄県の郷土料理でよく耳にする“イリチー”とは炒め煮のことを指し、乾物や根菜類...
1337,沖縄県,イナムドゥチ,沖縄県では、「イナ」はイノシシ、「ムドゥチ」はもどきの意味を持ち、郷土料理の...
1338,沖縄県,クファジューシー,「ジューシー」には炊き込み形式の「クファ（堅い）ジューシー」と雑炊形式の「ヤファラ（軟ら...
1339,沖縄県,ソーミンタシャー,「ソーミンタシヤー」はそうめんを炒めた沖縄県の家庭料理。沖縄の調理法の炒め物に「タシ...
1340,沖縄県,ラフテー,沖縄県の琉球料理は「豚に始まり豚に終わる」と言われ、肉はもちろんのこと、内臓や顔、耳、...
1341,沖縄県,ターンムディンガク,「ターンムディンガク」は田芋をきんとんのように甘く練り上げた料理で、「サーターダーンム」...
1342,沖縄県,サーターアンダーギー,中国からの影響を受け発展してきた琉球王国は、琉球菓子にも中国風と和風が入り混じ...
1343,沖縄県,カーサームーチー,「カーサームーチー」（ムーチー、カーサムーチー、鬼餅とも呼ばれる）は、月桃の葉で包んで蒸...
1344,沖縄県,ソーキ汁,豚を余すところなく料理するが、骨付き肉をよく使う。豚の骨付きあばら肉である軟らかく煮込...
1345,沖縄県,ゴーヤーチャンプルー,沖縄を代表する庶民料理に「チャンプルー」があります。「チャンプルー」は焼いた島豆腐と季節...
1346,沖縄県,イカスミ汁,「イカスミ汁」は、イカ墨を加えた真っ黒な汁物で、白イカとも呼ばれるアオリイカと脂身の少...
1347,沖縄県,人参シリシリー,「人参シリシリー」は、“シリシリ器”（大きな付き穴のおろし金）でおろした人参を炒めて卵でと...
1348,沖縄県,ミヌダル,ミヌダルは、豚のロース肉の薄切りに黒ゴマだれをまぶして蒸しあげたもので、真っ黒な仕上...
1349,沖縄県,ミミガーさしみ,ミミガーは豚の耳、刺身は和え物のこと。豚肉文化が古く根付く沖縄県では、肉はもちろん内...
1350,沖縄県,ナーベーラーンブシー,「ナーベーラー」はへちまのことで、「ンブシー」は豆腐や野菜と豚肉を味噌で煮込む煮物と汁...
1351,沖縄県,チムシンジ,「チムシンジ」は、「チム（豚レバー）」の「シンジ（煎じ汁）」で、貧血気味や風邪を引いた時な...
1352,沖縄県,ジーマーミ豆腐,ジーマーミは落花生のことで、落花生の絞り汁にンムクジ（いもくず）を水で溶いて火にかけ...
1353,沖縄県,足ティビチ,足ティビチとは「ティビチ」とは、沖縄の言葉で「チマグー」と呼ばれる豚の足を、クー...
1354,沖縄県,沖縄そば,「沖縄そば」は、そば粉を使わず小麦粉だけを使い、かん水で練って作る太めの麺と、...
1355,沖縄県,もずく丼,「もずく丼」は、肉や野菜の具材とともにもずくを炒め、ご飯の上に乗せたもの。ショ...
1356,沖縄県,クーリジシ,「クーリジシ」は、豚の三枚肉やシブイ（トウガン）、グンボウ（ゴボウ）などを具材...
1357,沖縄県,ヒラヤーチー,「ヒラヤーチー」は、小麦粉を卵とだし（または水）で溶き、ネギやニラなどを散らし...
1358,沖縄県,ンムクジプットゥルー,「ンムクジプットゥルー」は、ンムクジ（芋くず）を水で溶き、練るように炒めてもの...
1359,沖縄県,ヤファラジューシー,「ジューシー」とは沖縄県の言葉で炊き込みご飯を指す。硬さによって「クファジュー...
1360,沖縄県,牛汁,牛汁は、牛肉と人参などと煮込んだ汁で滋養食として古くから使われている。特に、冬...
1361,沖縄県,イーヤチ,「イーヤチ」は、八重山列島にある竹富島に伝わる、もち米にもち粟や小豆を混ぜ込ん...
1362,沖縄県,イラギムン,「イラギムン」は、実が熟す前の青い状態の「野菜パパイヤ」を主として、肉、豆腐...
1363,沖縄県,ヒージャー汁,ヒージャーは山羊のことでフィージャーとも呼ばれる。ヒージャーの肉、骨付き肉、内...
1364,沖縄県,血イリチー,「血イリチー」は血を使ったイリチー（炒め煮）で「血イリチャー」ともいわれる。豚...
